inspection_key,item_row_key,source_line,proposed_contract_no,source_contract_no,certificate_date,contract_date,contractor_name,contractor_address,indenter,indent_no,department_raw,resolved_department_id,resolved_department_name,resolved_department_code,department_match_basis,department_main_store_id,department_main_store_name,department_dependency,consignee_name,consignee_designation,date_of_delivery,delivery_type,date_of_inspection,suggested_target_stage,item_no,item_description,item_specifications,matched_item_id,matched_item_code,matched_item_name,matched_item_category,matched_item_category_type,matched_item_tracking_type,item_match_score,item_match_basis,planned_item_key,item_import_action,item_dependency,tendered_quantity,accepted_quantity,rejected_quantity,unit_price_candidate,line_total_candidate,depreciation_required,depreciation_default_rate,depreciation_policy_key,depreciation_policy_id,depreciation_policy_name,depreciation_asset_class_key,depreciation_asset_class_code,depreciation_asset_class_id,depreciation_asset_class_name,depreciation_asset_class_category_id,depreciation_asset_class_action,depreciation_rate_effective_from_candidate,depreciation_current_rate,depreciation_rate_action,capitalization_cost_basis,capitalization_entry_cost_candidate,capitalization_total_cost_candidate,capitalization_date_candidate,depreciation_notes,price_source,stock_register_no,stock_register_page_no,stock_entry_date,planned_stock_register_number,planned_stock_register_type,stock_register_store_id,stock_register_store_name,existing_stock_register_id,stock_register_key,stock_register_action,central_register_no,central_register_page_no,central_entry_date,planned_central_register_number,planned_central_register_type,central_register_store_id,central_register_store_name,existing_central_register_id,central_register_key,central_register_action,remarks,source_amount_candidates,source_gaps
LEGACY-IC-0001,LEGACY-IC-0001-ITEM-01,43,LEGACY-IC-20260602-001,Nil,2026-06-02,2026-06-02,M/s. METRO Pakistan (Pvt) Ltd,,NIL,NIL,CCS,5,Department of Computer Science & Information Technology,CSIT,alias_exact,6,CSIT office,use Location id=5 (Department of Computer Science & Information Technology),Imdadullah,PA,2026-06-02,FULL,2026-06-02,COMPLETED,1,Paper Ream A4 size,,1,ITM-0001,Paper Ream A4 80GSM,Stationery,CONSUMABLE,QUANTITY,1.00,manual_alias,ITM-0001,link_existing_item,link Item id=1 (ITM-0001) during central-register stage,05,05,0,1099.20,5496.00,NO,,,,,,,,,,not_applicable,,,not_applicable,,,,,consumable item; no fixed-asset capitalization.,nearest_total_amount_divided_by_accepted_qty,Main CSR,424,2026-04-03,Main CSR,CSR,6,CSIT office,1,SR-6-MAIN-CSR,use_existing_or_get_or_create,,,,,,,,,,not_available_in_source,Imported from ALL-DATA.md source line 43,"5,496; 99,120",missing_central_register_stage_fields; source_contract_no_not_unique
LEGACY-IC-0002,LEGACY-IC-0002-ITEM-01,170,LEGACY-IC-20260525-002,Nil,2026-05-25,2026-05-25,M/s. ALPHA ENGINEERING,,NIL,NIL,CCS,5,Department of Computer Science & Information Technology,CSIT,alias_exact,6,CSIT office,use Location id=5 (Department of Computer Science & Information Technology),IMDADULLAH,PA,2026-05-25,FULL,2026-05-25,COMPLETED,1,LED Digital Clock Module JH3604,,21,ITM-0021,LED Digital Clock Module JH3604,Lab & Research Electronics,FIXED_ASSET,INDIVIDUAL,1.00,manual_alias,ITM-0021,link_existing_item,link Item id=21 (ITM-0021) during central-register stage,12,12,0,8260.00,99120.00,YES,25.00,POLICY-FBR-WDV,,FBR WDV,DEP-ITEM-ITM-0021,DEP-ITM-0021,,LED Digital Clock Module JH3604,8,create_item_based_asset_class,2001-07-01,,create_25_percent_rate_version,backend_default_unit_price_per_instance,8260.00,99120.00,2026-05-25,"Assume no depreciation setup exists. ORM script should create/get policy, create item-based asset class, create 25.00 percent rate version, set InspectionItem.depreciation_asset_class, then complete inspection so signals capitalize into that class.",nearest_total_amount_divided_by_accepted_qty,Main CSR,461,2026-05-25,Main CSR,CSR,6,CSIT office,1,SR-6-MAIN-CSR,use_existing_or_get_or_create,,,,,,,,,,not_available_in_source,Imported from ALL-DATA.md source line 170,"99,120; 5,396",missing_central_register_stage_fields; source_contract_no_not_unique
LEGACY-IC-0003,LEGACY-IC-0003-ITEM-01,305,LEGACY-IC-20260518-003,Nil,2026-05-18,2026-05-18,M/s. METRO Pakistan (Pvt) Ltd,,NIL,NIL,CCS,5,Department of Computer Science & Information Technology,CSIT,alias_exact,6,CSIT office,use Location id=5 (Department of Computer Science & Information Technology),IMDADULLAH,PA,2026-05-14,FULL,2026-05-14,COMPLETED,1,Paper Ream A4 size,,1,ITM-0001,Paper Ream A4 80GSM,Stationery,CONSUMABLE,QUANTITY,1.00,manual_alias,ITM-0001,link_existing_item,link Item id=1 (ITM-0001) during central-register stage,05,05,0,1079.20,5396.00,NO,,,,,,,,,,not_applicable,,,not_applicable,,,,,consumable item; no fixed-asset capitalization.,nearest_total_amount_divided_by_accepted_qty,Main CSR,386,2026-05-18,Main CSR,CSR,6,CSIT office,1,SR-6-MAIN-CSR,use_existing_or_get_or_create,,,,,,,,,,not_available_in_source,Imported from ALL-DATA.md source line 305,"5,396; 7,000; 10,000",missing_central_register_stage_fields; source_contract_no_not_unique
LEGACY-IC-0004,LEGACY-IC-0004-ITEM-01,1561,LEGACY-IC-20260304-004,"On A/C of SRSP Budget (Title : Real Time Post-Flood Diseases Detection, Management & Response System Project # 426)",2026-03-04,2026-03-04,M/s IAFE Solutions,,"Dr. Usman Amjad, CS&IT",,CS&IT,5,Department of Computer Science & Information Technology,CSIT,alias_exact,6,CSIT office,use Location id=5 (Department of Computer Science & Information Technology),Dr. Usman Amjad,Associate Professor,2026-04-16,FULL,2026-04-27,COMPLETED,1,NVIDIA GeForce RTX-5060 Ti 16 GB Tripple Fan,,9,ITM-0009,NVIDIA GeForce RTX 5060 Ti 16GB Triple Fan,IT Equipment,FIXED_ASSET,INDIVIDUAL,1.00,manual_alias,ITM-0009,link_existing_item,link Item id=9 (ITM-0009) during central-register stage,1,1,0,211000,211000,YES,25.00,POLICY-FBR-WDV,,FBR WDV,DEP-ITEM-ITM-0009,DEP-ITM-0009,,NVIDIA GeForce RTX 5060 Ti 16GB Triple Fan,7,create_item_based_asset_class,2001-07-01,,create_25_percent_rate_version,backend_default_unit_price_per_instance,211000.00,211000.00,2026-04-27,"Assume no depreciation setup exists. ORM script should create/get policy, create item-based asset class, create 25.00 percent rate version, set InspectionItem.depreciation_asset_class, then complete inspection so signals capitalize into that class.",price_table_5_similarity_1.11,Main CSR,825,2026-04-27,Main CSR,CSR,6,CSIT office,1,SR-6-MAIN-CSR,use_existing_or_get_or_create,,,,,,,,,,not_available_in_source,Imported from ALL-DATA.md source line 1561,1921; 248980,missing_central_register_stage_fields
LEGACY-IC-0005,LEGACY-IC-0005-ITEM-01,2621,LEGACY-IC-20260427-005,"On A/C of SRSP Budget (Title : Real Time Post-Flood Diseases Detection, Management & Response System Project # 426)",2026-04-27,2026-04-27,M/s Continental Traders,,"Dr. Usman Amjad, CS&IT",,CS&IT,5,Department of Computer Science & Information Technology,CSIT,alias_exact,6,CSIT office,use Location id=5 (Department of Computer Science & Information Technology),Dr. Usman Amjad,Associate Professor,2026-04-20,FULL,2026-04-27,COMPLETED,1,Max 30102 for heart rate and oxygen sensor,,17,ITM-0017,MAX30102 Heart-rate & SpO2 Sensor,Lab & Research Electronics,FIXED_ASSET,INDIVIDUAL,1.00,manual_alias,ITM-0017,link_existing_item,link Item id=17 (ITM-0017) during central-register stage,3,3,0,800.00,2832.00,YES,25.00,POLICY-FBR-WDV,,FBR WDV,DEP-ITEM-ITM-0017,DEP-ITM-0017,,MAX30102 Heart-rate & SpO2 Sensor,8,create_item_based_asset_class,2001-07-01,,create_25_percent_rate_version,backend_default_unit_price_per_instance,800.00,2400.00,2026-04-27,"Assume no depreciation setup exists. ORM script should create/get policy, create item-based asset class, create 25.00 percent rate version, set InspectionItem.depreciation_asset_class, then complete inspection so signals capitalize into that class.",price_table_8_similarity_1.12,Main CSR,"169, 270, 278, 229, 300, 130, 168, 115",2026-04-28,Main CSR,CSR,6,CSIT office,1,SR-6-MAIN-CSR,use_existing_or_get_or_create,,,,,,,,,,not_available_in_source,Imported from ALL-DATA.md source line 2621,"2,420,000; 90,034; 3",missing_central_register_stage_fields
LEGACY-IC-0005,LEGACY-IC-0005-ITEM-02,2621,LEGACY-IC-20260427-005,"On A/C of SRSP Budget (Title : Real Time Post-Flood Diseases Detection, Management & Response System Project # 426)",2026-04-27,2026-04-27,M/s Continental Traders,,"Dr. Usman Amjad, CS&IT",,CS&IT,5,Department of Computer Science & Information Technology,CSIT,alias_exact,6,CSIT office,use Location id=5 (Department of Computer Science & Information Technology),Dr. Usman Amjad,Associate Professor,2026-04-20,FULL,2026-04-27,COMPLETED,2,Max30205 for body temperature sensing,,18,ITM-0018,MAX30205 Body Temperature Sensor,Lab & Research Electronics,FIXED_ASSET,INDIVIDUAL,1.00,manual_alias,ITM-0018,link_existing_item,link Item id=18 (ITM-0018) during central-register stage,3,3,0,800.00,2832.00,YES,25.00,POLICY-FBR-WDV,,FBR WDV,DEP-ITEM-ITM-0018,DEP-ITM-0018,,MAX30205 Body Temperature Sensor,8,create_item_based_asset_class,2001-07-01,,create_25_percent_rate_version,backend_default_unit_price_per_instance,800.00,2400.00,2026-04-27,"Assume no depreciation setup exists. ORM script should create/get policy, create item-based asset class, create 25.00 percent rate version, set InspectionItem.depreciation_asset_class, then complete inspection so signals capitalize into that class.",price_table_8_similarity_1.12,Main CSR,"169, 270, 278, 229, 300, 130, 168, 115",2026-04-28,Main CSR,CSR,6,CSIT office,1,SR-6-MAIN-CSR,use_existing_or_get_or_create,,,,,,,,,,not_available_in_source,Imported from ALL-DATA.md source line 2621,"2,420,000; 90,034; 3",missing_central_register_stage_fields
LEGACY-IC-0005,LEGACY-IC-0005-ITEM-03,2621,LEGACY-IC-20260427-005,"On A/C of SRSP Budget (Title : Real Time Post-Flood Diseases Detection, Management & Response System Project # 426)",2026-04-27,2026-04-27,M/s Continental Traders,,"Dr. Usman Amjad, CS&IT",,CS&IT,5,Department of Computer Science & Information Technology,CSIT,alias_exact,6,CSIT office,use Location id=5 (Department of Computer Science & Information Technology),Dr. Usman Amjad,Associate Professor,2026-04-20,FULL,2026-04-27,COMPLETED,3,"Jumpers wire, Male to Male, Male to Female & Female to Female, set of 50 pcs each",,7,ITM-0007,"Jumper Wires (50 pcs/set, M-M / M-F / F-F)",Cables & Accessories,CONSUMABLE,QUANTITY,1.00,manual_alias,ITM-0007,link_existing_item,link Item id=7 (ITM-0007) during central-register stage,3,3,0,500.00,1770.00,NO,,,,,,,,,,not_applicable,,,not_applicable,,,,,consumable item; no fixed-asset capitalization.,price_table_8_similarity_1.12,Main CSR,"169, 270, 278, 229, 300, 130, 168, 115",2026-04-28,Main CSR,CSR,6,CSIT office,1,SR-6-MAIN-CSR,use_existing_or_get_or_create,,,,,,,,,,not_available_in_source,Imported from ALL-DATA.md source line 2621,"2,420,000; 90,034; 3",missing_central_register_stage_fields
LEGACY-IC-0005,LEGACY-IC-0005-ITEM-04,2621,LEGACY-IC-20260427-005,"On A/C of SRSP Budget (Title : Real Time Post-Flood Diseases Detection, Management & Response System Project # 426)",2026-04-27,2026-04-27,M/s Continental Traders,,"Dr. Usman Amjad, CS&IT",,CS&IT,5,Department of Computer Science & Information Technology,CSIT,alias_exact,6,CSIT office,use Location id=5 (Department of Computer Science & Information Technology),Dr. Usman Amjad,Associate Professor,2026-04-20,FULL,2026-04-27,COMPLETED,4,Digital Stethoscope with Auxiliary Cable,,19,ITM-0019,Digital Stethoscope with Auxiliary Cable,Lab & Research Electronics,FIXED_ASSET,INDIVIDUAL,1.00,manual_alias,ITM-0019,link_existing_item,link Item id=19 (ITM-0019) during central-register stage,1,1,0,45000.00,53100.00,YES,25.00,POLICY-FBR-WDV,,FBR WDV,DEP-ITEM-ITM-0019,DEP-ITM-0019,,Digital Stethoscope with Auxiliary Cable,8,create_item_based_asset_class,2001-07-01,,create_25_percent_rate_version,backend_default_unit_price_per_instance,45000.00,45000.00,2026-04-27,"Assume no depreciation setup exists. ORM script should create/get policy, create item-based asset class, create 25.00 percent rate version, set InspectionItem.depreciation_asset_class, then complete inspection so signals capitalize into that class.",price_table_8_similarity_1.12,Main CSR,"169, 270, 278, 229, 300, 130, 168, 115",2026-04-28,Main CSR,CSR,6,CSIT office,1,SR-6-MAIN-CSR,use_existing_or_get_or_create,,,,,,,,,,not_available_in_source,Imported from ALL-DATA.md source line 2621,"2,420,000; 90,034; 3",missing_central_register_stage_fields
LEGACY-IC-0005,LEGACY-IC-0005-ITEM-05,2621,LEGACY-IC-20260427-005,"On A/C of SRSP Budget (Title : Real Time Post-Flood Diseases Detection, Management & Response System Project # 426)",2026-04-27,2026-04-27,M/s Continental Traders,,"Dr. Usman Amjad, CS&IT",,CS&IT,5,Department of Computer Science & Information Technology,CSIT,alias_exact,6,CSIT office,use Location id=5 (Department of Computer Science & Information Technology),Dr. Usman Amjad,Associate Professor,2026-04-20,FULL,2026-04-27,COMPLETED,5,USB Hub: A4TECH HUB-30,,12,ITM-0012,A4TECH USB Hub HUB-30,IT Equipment,FIXED_ASSET,INDIVIDUAL,1.00,manual_alias,ITM-0012,link_existing_item,link Item id=12 (ITM-0012) during central-register stage,1,1,0,3500.00,4130.00,YES,25.00,POLICY-FBR-WDV,,FBR WDV,DEP-ITEM-ITM-0012,DEP-ITM-0012,,A4TECH USB Hub HUB-30,7,create_item_based_asset_class,2001-07-01,,create_25_percent_rate_version,backend_default_unit_price_per_instance,3500.00,3500.00,2026-04-27,"Assume no depreciation setup exists. ORM script should create/get policy, create item-based asset class, create 25.00 percent rate version, set InspectionItem.depreciation_asset_class, then complete inspection so signals capitalize into that class.",price_table_8_similarity_1.12,Main CSR,"169, 270, 278, 229, 300, 130, 168, 115",2026-04-28,Main CSR,CSR,6,CSIT office,1,SR-6-MAIN-CSR,use_existing_or_get_or_create,,,,,,,,,,not_available_in_source,Imported from ALL-DATA.md source line 2621,"2,420,000; 90,034; 3",missing_central_register_stage_fields
LEGACY-IC-0005,LEGACY-IC-0005-ITEM-06,2621,LEGACY-IC-20260427-005,"On A/C of SRSP Budget (Title : Real Time Post-Flood Diseases Detection, Management & Response System Project # 426)",2026-04-27,2026-04-27,M/s Continental Traders,,"Dr. Usman Amjad, CS&IT",,CS&IT,5,Department of Computer Science & Information Technology,CSIT,alias_exact,6,CSIT office,use Location id=5 (Department of Computer Science & Information Technology),Dr. Usman Amjad,Associate Professor,2026-04-20,FULL,2026-04-27,COMPLETED,6,Wireless Keyboard and Mouse A4TECH 2.4GHz FG1200S,,11,ITM-0011,A4TECH Wireless Keyboard + Mouse FG1200S 2.4GHz,IT Equipment,FIXED_ASSET,INDIVIDUAL,1.00,manual_alias,ITM-0011,link_existing_item,link Item id=11 (ITM-0011) during central-register stage,1,1,0,8000.00,9440.00,YES,25.00,POLICY-FBR-WDV,,FBR WDV,DEP-ITEM-ITM-0011,DEP-ITM-0011,,A4TECH Wireless Keyboard + Mouse FG1200S 2.4GHz,7,create_item_based_asset_class,2001-07-01,,create_25_percent_rate_version,backend_default_unit_price_per_instance,8000.00,8000.00,2026-04-27,"Assume no depreciation setup exists. ORM script should create/get policy, create item-based asset class, create 25.00 percent rate version, set InspectionItem.depreciation_asset_class, then complete inspection so signals capitalize into that class.",price_table_8_similarity_1.12,Main CSR,"169, 270, 278, 229, 300, 130, 168, 115",2026-04-28,Main CSR,CSR,6,CSIT office,1,SR-6-MAIN-CSR,use_existing_or_get_or_create,,,,,,,,,,not_available_in_source,Imported from ALL-DATA.md source line 2621,"2,420,000; 90,034; 3",missing_central_register_stage_fields
LEGACY-IC-0005,LEGACY-IC-0005-ITEM-07,2621,LEGACY-IC-20260427-005,"On A/C of SRSP Budget (Title : Real Time Post-Flood Diseases Detection, Management & Response System Project # 426)",2026-04-27,2026-04-27,M/s Continental Traders,,"Dr. Usman Amjad, CS&IT",,CS&IT,5,Department of Computer Science & Information Technology,CSIT,alias_exact,6,CSIT office,use Location id=5 (Department of Computer Science & Information Technology),Dr. Usman Amjad,Associate Professor,2026-04-20,FULL,2026-04-27,COMPLETED,7,WebCam FULL HD A4TECH PK-925H,,13,ITM-0013,A4TECH FULL HD WebCam PK-925H,IT Equipment,FIXED_ASSET,INDIVIDUAL,1.00,manual_alias,ITM-0013,link_existing_item,link Item id=13 (ITM-0013) during central-register stage,1,1,0,8000.00,9440.00,YES,25.00,POLICY-FBR-WDV,,FBR WDV,DEP-ITEM-ITM-0013,DEP-ITM-0013,,A4TECH FULL HD WebCam PK-925H,7,create_item_based_asset_class,2001-07-01,,create_25_percent_rate_version,backend_default_unit_price_per_instance,8000.00,8000.00,2026-04-27,"Assume no depreciation setup exists. ORM script should create/get policy, create item-based asset class, create 25.00 percent rate version, set InspectionItem.depreciation_asset_class, then complete inspection so signals capitalize into that class.",price_table_8_similarity_1.12,Main CSR,"169, 270, 278, 229, 300, 130, 168, 115",2026-04-28,Main CSR,CSR,6,CSIT office,1,SR-6-MAIN-CSR,use_existing_or_get_or_create,,,,,,,,,,not_available_in_source,Imported from ALL-DATA.md source line 2621,"2,420,000; 90,034; 3",missing_central_register_stage_fields
LEGACY-IC-0005,LEGACY-IC-0005-ITEM-08,2621,LEGACY-IC-20260427-005,"On A/C of SRSP Budget (Title : Real Time Post-Flood Diseases Detection, Management & Response System Project # 426)",2026-04-27,2026-04-27,M/s Continental Traders,,"Dr. Usman Amjad, CS&IT",,CS&IT,5,Department of Computer Science & Information Technology,CSIT,alias_exact,6,CSIT office,use Location id=5 (Department of Computer Science & Information Technology),Dr. Usman Amjad,Associate Professor,2026-04-20,FULL,2026-04-27,COMPLETED,8,HDMI to VGA Cable,,8,ITM-0008,HDMI to VGA Cable,Cables & Accessories,CONSUMABLE,QUANTITY,1.00,manual_alias,ITM-0008,link_existing_item,link Item id=8 (ITM-0008) during central-register stage,1,1,0,1000.00,1180.00,NO,,,,,,,,,,not_applicable,,,not_applicable,,,,,consumable item; no fixed-asset capitalization.,price_table_8_similarity_1.12,Main CSR,"169, 270, 278, 229, 300, 130, 168, 115",2026-04-28,Main CSR,CSR,6,CSIT office,1,SR-6-MAIN-CSR,use_existing_or_get_or_create,,,,,,,,,,not_available_in_source,Imported from ALL-DATA.md source line 2621,"2,420,000; 90,034; 3",missing_central_register_stage_fields
LEGACY-IC-0005,LEGACY-IC-0005-ITEM-09,2621,LEGACY-IC-20260427-005,"On A/C of SRSP Budget (Title : Real Time Post-Flood Diseases Detection, Management & Response System Project # 426)",2026-04-27,2026-04-27,M/s Continental Traders,,"Dr. Usman Amjad, CS&IT",,CS&IT,5,Department of Computer Science & Information Technology,CSIT,alias_exact,6,CSIT office,use Location id=5 (Department of Computer Science & Information Technology),Dr. Usman Amjad,Associate Professor,2026-04-20,FULL,2026-04-27,COMPLETED,9,WIFI USB DONGLE TP Link,,14,ITM-0014,TP-Link WiFi USB Dongle,IT Equipment,FIXED_ASSET,INDIVIDUAL,1.00,manual_alias,ITM-0014,link_existing_item,link Item id=14 (ITM-0014) during central-register stage,1,1,0,4500.00,5310.00,YES,25.00,POLICY-FBR-WDV,,FBR WDV,DEP-ITEM-ITM-0014,DEP-ITM-0014,,TP-Link WiFi USB Dongle,7,create_item_based_asset_class,2001-07-01,,create_25_percent_rate_version,backend_default_unit_price_per_instance,4500.00,4500.00,2026-04-27,"Assume no depreciation setup exists. ORM script should create/get policy, create item-based asset class, create 25.00 percent rate version, set InspectionItem.depreciation_asset_class, then complete inspection so signals capitalize into that class.",price_table_8_similarity_0.90,Main CSR,"169, 270, 278, 229, 300, 130, 168, 115",2026-04-28,Main CSR,CSR,6,CSIT office,1,SR-6-MAIN-CSR,use_existing_or_get_or_create,,,,,,,,,,not_available_in_source,Imported from ALL-DATA.md source line 2621,"2,420,000; 90,034; 3",missing_central_register_stage_fields
LEGACY-IC-0006,LEGACY-IC-0006-ITEM-01,3366,LEGACY-IC-20260304-006,"On A/C of SRSP Budget (Title : Real Time Post-Flood Diseases Detection, Management & Response System Project # 426)",2026-03-04,2026-03-04,M/s IAFE Solutions,,Dr. Usman Amjad CS&IT,,CS&IT,5,Department of Computer Science & Information Technology,CSIT,alias_exact,6,CSIT office,use Location id=5 (Department of Computer Science & Information Technology),Dr. Usman Amjad,Associate Professor,2026-04-22,FULL,2026-04-23,COMPLETED,1,LED HP Model 2225 22inch,,10,ITM-0010,LED Monitor HP 2225 22 inch,IT Equipment,FIXED_ASSET,INDIVIDUAL,1.00,manual_alias,ITM-0010,link_existing_item,link Item id=10 (ITM-0010) during central-register stage,01,01,0,35170,35170,YES,25.00,POLICY-FBR-WDV,,FBR WDV,DEP-ITEM-ITM-0010,DEP-ITM-0010,,LED Monitor HP 2225 22 inch,7,create_item_based_asset_class,2001-07-01,,create_25_percent_rate_version,backend_default_unit_price_per_instance,35170.00,35170.00,2026-04-23,"Assume no depreciation setup exists. ORM script should create/get policy, create item-based asset class, create 25.00 percent rate version, set InspectionItem.depreciation_asset_class, then complete inspection so signals capitalize into that class.",price_table_6_similarity_1.12,Main CSR,307,2026-04-27,Main CSR,CSR,6,CSIT office,1,SR-6-MAIN-CSR,use_existing_or_get_or_create,,,,,,,,,,not_available_in_source,Imported from ALL-DATA.md source line 3366,"2,420,000; 41501",missing_central_register_stage_fields
LEGACY-IC-0007,LEGACY-IC-0007-ITEM-01,4265,LEGACY-IC-20260413-007,Nil,2026-04-13,2026-04-13,M/s. ALPHA ENGINEERING,,NIL,NIL,CCS,5,Department of Computer Science & Information Technology,CSIT,alias_exact,6,CSIT office,use Location id=5 (Department of Computer Science & Information Technology),IMPADUILLAH,PA,2026-01-03,FULL,2026-04-13,COMPLETED,1,Wireless Mic (RODE Wireless GO II),,20,ITM-0020,RODE Wireless GO II Microphone,Lab & Research Electronics,FIXED_ASSET,INDIVIDUAL,1.00,manual_alias,ITM-0020,link_existing_item,link Item id=20 (ITM-0020) during central-register stage,01,01,0,76000.00,76000.00,YES,25.00,POLICY-FBR-WDV,,FBR WDV,DEP-ITEM-ITM-0020,DEP-ITM-0020,,RODE Wireless GO II Microphone,8,create_item_based_asset_class,2001-07-01,,create_25_percent_rate_version,backend_default_unit_price_per_instance,76000.00,76000.00,2026-04-13,"Assume no depreciation setup exists. ORM script should create/get policy, create item-based asset class, create 25.00 percent rate version, set InspectionItem.depreciation_asset_class, then complete inspection so signals capitalize into that class.",price_table_7_similarity_1.10,Main CSR,303,2026-04-13,Main CSR,CSR,6,CSIT office,1,SR-6-MAIN-CSR,use_existing_or_get_or_create,,,,,,,,,,not_available_in_source,Imported from ALL-DATA.md source line 4265,"89,680; 76,000",missing_central_register_stage_fields; source_contract_no_not_unique
LEGACY-IC-0008,LEGACY-IC-0008-ITEM-01,4517,LEGACY-IC-20260402-008,Nil,2026-04-02,2026-04-02,M/s. ALPHA ENGINEERING,,NIL,NIL,CCS,5,Department of Computer Science & Information Technology,CSIT,alias_exact,6,CSIT office,use Location id=5 (Department of Computer Science & Information Technology),IMPADULLAH,PA,2026-01-02,FULL,2026-04-02,COMPLETED,01,Board marker erasable,,2,ITM-0002,Whiteboard Marker (Erasable),Stationery,CONSUMABLE,QUANTITY,1.00,manual_alias,ITM-0002,link_existing_item,link Item id=2 (ITM-0002) during central-register stage,120,120,0,300.00,36000.00,NO,,,,,,,,,,not_applicable,,,not_applicable,,,,,consumable item; no fixed-asset capitalization.,price_table_6_similarity_1.12,Main CSR,"422, 284, 51, 265, 388",2022-04-06,Main CSR,CSR,6,CSIT office,1,SR-6-MAIN-CSR,use_existing_or_get_or_create,,,,,,,,,,not_available_in_source,Imported from ALL-DATA.md source line 4517,"76,000; 89,680; 89,385",missing_central_register_stage_fields; source_contract_no_not_unique
LEGACY-IC-0008,LEGACY-IC-0008-ITEM-02,4517,LEGACY-IC-20260402-008,Nil,2026-04-02,2026-04-02,M/s. ALPHA ENGINEERING,,NIL,NIL,CCS,5,Department of Computer Science & Information Technology,CSIT,alias_exact,6,CSIT office,use Location id=5 (Department of Computer Science & Information Technology),IMPADULLAH,PA,2026-01-02,FULL,2026-04-02,COMPLETED,02,Marker Ink,,3,ITM-0003,Marker Ink Refill,Stationery,CONSUMABLE,QUANTITY,1.00,manual_alias,ITM-0003,link_existing_item,link Item id=3 (ITM-0003) during central-register stage,08,08,0,600.00,4800.00,NO,,,,,,,,,,not_applicable,,,not_applicable,,,,,consumable item; no fixed-asset capitalization.,price_table_6_similarity_1.12,Main CSR,"422, 284, 51, 265, 388",2022-04-06,Main CSR,CSR,6,CSIT office,1,SR-6-MAIN-CSR,use_existing_or_get_or_create,,,,,,,,,,not_available_in_source,Imported from ALL-DATA.md source line 4517,"76,000; 89,680; 89,385",missing_central_register_stage_fields; source_contract_no_not_unique
LEGACY-IC-0008,LEGACY-IC-0008-ITEM-03,4517,LEGACY-IC-20260402-008,Nil,2026-04-02,2026-04-02,M/s. ALPHA ENGINEERING,,NIL,NIL,CCS,5,Department of Computer Science & Information Technology,CSIT,alias_exact,6,CSIT office,use Location id=5 (Department of Computer Science & Information Technology),IMPADULLAH,PA,2026-01-02,FULL,2026-04-02,COMPLETED,03,Dusters,,4,ITM-0004,Whiteboard Duster,Stationery,CONSUMABLE,QUANTITY,1.00,manual_alias,ITM-0004,link_existing_item,link Item id=4 (ITM-0004) during central-register stage,24,24,0,250.00,6000.00,NO,,,,,,,,,,not_applicable,,,not_applicable,,,,,consumable item; no fixed-asset capitalization.,price_table_6_similarity_1.12,Main CSR,"422, 284, 51, 265, 388",2022-04-06,Main CSR,CSR,6,CSIT office,1,SR-6-MAIN-CSR,use_existing_or_get_or_create,,,,,,,,,,not_available_in_source,Imported from ALL-DATA.md source line 4517,"76,000; 89,680; 89,385",missing_central_register_stage_fields; source_contract_no_not_unique
LEGACY-IC-0008,LEGACY-IC-0008-ITEM-04,4517,LEGACY-IC-20260402-008,Nil,2026-04-02,2026-04-02,M/s. ALPHA ENGINEERING,,NIL,NIL,CCS,5,Department of Computer Science & Information Technology,CSIT,alias_exact,6,CSIT office,use Location id=5 (Department of Computer Science & Information Technology),IMPADULLAH,PA,2026-01-02,FULL,2026-04-02,COMPLETED,04,Box files,,5,ITM-0005,Box File,Stationery,CONSUMABLE,QUANTITY,1.00,manual_alias,ITM-0005,link_existing_item,link Item id=5 (ITM-0005) during central-register stage,05,05,0,290.00,1450.00,NO,,,,,,,,,,not_applicable,,,not_applicable,,,,,consumable item; no fixed-asset capitalization.,price_table_6_similarity_1.12,Main CSR,"422, 284, 51, 265, 388",2022-04-06,Main CSR,CSR,6,CSIT office,1,SR-6-MAIN-CSR,use_existing_or_get_or_create,,,,,,,,,,not_available_in_source,Imported from ALL-DATA.md source line 4517,"76,000; 89,680; 89,385",missing_central_register_stage_fields; source_contract_no_not_unique
LEGACY-IC-0008,LEGACY-IC-0008-ITEM-05,4517,LEGACY-IC-20260402-008,Nil,2026-04-02,2026-04-02,M/s. ALPHA ENGINEERING,,NIL,NIL,CCS,5,Department of Computer Science & Information Technology,CSIT,alias_exact,6,CSIT office,use Location id=5 (Department of Computer Science & Information Technology),IMPADULLAH,PA,2026-01-02,FULL,2026-04-02,COMPLETED,05,Paper Ream boxes,,1,ITM-0001,Paper Ream A4 80GSM,Stationery,CONSUMABLE,QUANTITY,1.00,manual_alias,ITM-0001,link_existing_item,link Item id=1 (ITM-0001) during central-register stage,05,05,0,5500.00,27500.00,NO,,,,,,,,,,not_applicable,,,not_applicable,,,,,consumable item; no fixed-asset capitalization.,price_table_6_similarity_1.12,Main CSR,"422, 284, 51, 265, 388",2022-04-06,Main CSR,CSR,6,CSIT office,1,SR-6-MAIN-CSR,use_existing_or_get_or_create,,,,,,,,,,not_available_in_source,Imported from ALL-DATA.md source line 4517,"76,000; 89,680; 89,385",missing_central_register_stage_fields; source_contract_no_not_unique
LEGACY-IC-0009,LEGACY-IC-0009-ITEM-01,5023,LEGACY-IC-20260402-009,Nil,2026-04-02,2026-04-02,M/s. ALPHA ENGINEERING,,NIL,NIL,CCS,5,Department of Computer Science & Information Technology,CSIT,alias_exact,6,CSIT office,use Location id=5 (Department of Computer Science & Information Technology),I MOHDULLAH,PA,2025-12-29,FULL,2026-04-02,COMPLETED,01,Over Counter Washbasin,,22,ITM-0022,Over Counter Washbasin,Plumbing Fixtures,FIXED_ASSET,QUANTITY,1.00,manual_alias,ITM-0022,link_existing_item,link Item id=22 (ITM-0022) during central-register stage,06,06,0,9600.00,57600.00,YES,25.00,POLICY-FBR-WDV,,FBR WDV,DEP-ITEM-ITM-0022,DEP-ITM-0022,,Over Counter Washbasin,9,create_item_based_asset_class,2001-07-01,,create_25_percent_rate_version,backend_default_unit_price_times_quantity_lot,57600.00,57600.00,2026-04-02,"Assume no depreciation setup exists. ORM script should create/get policy, create item-based asset class, create 25.00 percent rate version, set InspectionItem.depreciation_asset_class, then complete inspection so signals capitalize into that class.",price_table_8_similarity_1.12,Main CSR,4/6,2024-04-06,Main CSR,CSR,6,CSIT office,1,SR-6-MAIN-CSR,use_existing_or_get_or_create,,,,,,,,,,not_available_in_source,Imported from ALL-DATA.md source line 5023,"75,750; 89,385; 24",missing_central_register_stage_fields; source_contract_no_not_unique
LEGACY-IC-0009,LEGACY-IC-0009-ITEM-02,5023,LEGACY-IC-20260402-009,Nil,2026-04-02,2026-04-02,M/s. ALPHA ENGINEERING,,NIL,NIL,CCS,5,Department of Computer Science & Information Technology,CSIT,alias_exact,6,CSIT office,use Location id=5 (Department of Computer Science & Information Technology),I MOHDULLAH,PA,2025-12-29,FULL,2026-04-02,COMPLETED,02,Basin Mixer (Tap),,23,ITM-0023,Basin Mixer Tap,Plumbing Fixtures,FIXED_ASSET,QUANTITY,1.00,manual_alias,ITM-0023,link_existing_item,link Item id=23 (ITM-0023) during central-register stage,06,06,0,4400.00,26400.00,YES,25.00,POLICY-FBR-WDV,,FBR WDV,DEP-ITEM-ITM-0023,DEP-ITM-0023,,Basin Mixer Tap,9,create_item_based_asset_class,2001-07-01,,create_25_percent_rate_version,backend_default_unit_price_times_quantity_lot,26400.00,26400.00,2026-04-02,"Assume no depreciation setup exists. ORM script should create/get policy, create item-based asset class, create 25.00 percent rate version, set InspectionItem.depreciation_asset_class, then complete inspection so signals capitalize into that class.",price_table_8_similarity_1.12,Main CSR,4/6,2024-04-06,Main CSR,CSR,6,CSIT office,1,SR-6-MAIN-CSR,use_existing_or_get_or_create,,,,,,,,,,not_available_in_source,Imported from ALL-DATA.md source line 5023,"75,750; 89,385; 24",missing_central_register_stage_fields; source_contract_no_not_unique
LEGACY-IC-0010,LEGACY-IC-0010-ITEM-01,6015,LEGACY-IC-20260305-010,"On A/C of SRSP Budget (Title: Real Time Post-Flood Diseases Detection, Management & Response System Project # 426)",2026-03-05,2026-03-05,M/s Continental Traders,,"Dr. Usman Amjad, CS&IT",,CS&IT,5,Department of Computer Science & Information Technology,CSIT,alias_exact,6,CSIT office,use Location id=5 (Department of Computer Science & Information Technology),Dr. Usman Amjad,Associate Professor,2026-02-25,FULL,2026-03-05,COMPLETED,1,Jetson Nanao NVIDIA Jeston Nano GPU: 128-core NVIDIA Maxwell CPU: Arm Cortex A57 MPCore RAM: 4GB LPDDR4 5V & 4A Charger and USB Developer Kit,,16,ITM-0016,NVIDIA Jetson Nano Developer Kit (4GB),Lab & Research Electronics,FIXED_ASSET,INDIVIDUAL,1.00,manual_alias_ocr_jetson_nano,ITM-0016,link_existing_item,link Item id=16 (ITM-0016) during central-register stage,1,1,0,82000.00,96760.00,YES,25.00,POLICY-FBR-WDV,,FBR WDV,DEP-ITEM-ITM-0016,DEP-ITM-0016,,NVIDIA Jetson Nano Developer Kit (4GB),8,create_item_based_asset_class,2001-07-01,,create_25_percent_rate_version,backend_default_unit_price_per_instance,82000.00,82000.00,2026-03-05,"Assume no depreciation setup exists. ORM script should create/get policy, create item-based asset class, create 25.00 percent rate version, set InspectionItem.depreciation_asset_class, then complete inspection so signals capitalize into that class.",price_table_11_similarity_1.11,Main DSR,279,2026-03-06,Main DSR,DSR,6,CSIT office,2,SR-6-MAIN-DSR,use_existing_or_get_or_create,11,364/65,2026-03-09,11,DSR,2,Central Store,,SR-2-11,use_existing_or_get_or_create,Imported from ALL-DATA.md source line 6015,"96,760; 3",
LEGACY-IC-0011,LEGACY-IC-0011-ITEM-01,8252,LEGACY-IC-20250821-011,Nil,2025-08-21,2025-08-21,M/s. RAJPUT ENGINEERING COMPANY,,NIL,NIL,CCS,5,Department of Computer Science & Information Technology,CSIT,alias_exact,6,CSIT office,use Location id=5 (Department of Computer Science & Information Technology),IMDADULLAH,PA,2025-08-18,FULL,2025-08-18,COMPLETED,01,PROJECTOR CELLING STAND,,,,,,,,0.40,planned_new_or_manual_review,NEW-ITEM-PROJECTOR-CEILING-STAND,create_or_review_new_item,review/create catalog item once for NEW-ITEM-PROJECTOR-CEILING-STAND,03,03,0,3500,10500,CATEGORY_NEEDED,25.00_IF_FIXED_ASSET,POLICY-FBR-WDV,,FBR WDV,CREATE_AFTER_ITEM_IS_FIXED_ASSET,,,,,decide_item_category_then_create_item_based_asset_class_if_fixed_asset,2001-07-01,,create_25_percent_rate_version_if_fixed_asset,,,,2025-08-18,"Planned/review item has no catalog category yet. If created as FIXED_ASSET, create item-based depreciation asset class at 25.00 percent and set it on the inspection item before completion.",price_table_7_similarity_0.82,Main CSR,456,2025-08-21,Main CSR,CSR,6,CSIT office,1,SR-6-MAIN-CSR,use_existing_or_get_or_create,11,45/54,2025-08-26,11,DSR,2,Central Store,,SR-2-11,use_existing_or_get_or_create,Imported from ALL-DATA.md source line 8252,"95,332",item_not_in_catalog; source_contract_no_not_unique
LEGACY-IC-0011,LEGACY-IC-0011-ITEM-02,8252,LEGACY-IC-20250821-011,Nil,2025-08-21,2025-08-21,M/s. RAJPUT ENGINEERING COMPANY,,NIL,NIL,CCS,5,Department of Computer Science & Information Technology,CSIT,alias_exact,6,CSIT office,use Location id=5 (Department of Computer Science & Information Technology),IMDADULLAH,PA,2025-08-18,FULL,2025-08-18,COMPLETED,02,SAFETY SECURITY BOX FOR PROJECTOR,,,,,,,,0.32,planned_new_or_manual_review,NEW-ITEM-SAFETY-SECURITY-BOX-PROJECTOR,create_or_review_new_item,review/create catalog item once for NEW-ITEM-SAFETY-SECURITY-BOX-PROJECTOR,03,03,0,6850,20550,CATEGORY_NEEDED,25.00_IF_FIXED_ASSET,POLICY-FBR-WDV,,FBR WDV,CREATE_AFTER_ITEM_IS_FIXED_ASSET,,,,,decide_item_category_then_create_item_based_asset_class_if_fixed_asset,2001-07-01,,create_25_percent_rate_version_if_fixed_asset,,,,2025-08-18,"Planned/review item has no catalog category yet. If created as FIXED_ASSET, create item-based depreciation asset class at 25.00 percent and set it on the inspection item before completion.",price_table_7_similarity_0.99,Main CSR,456,2025-08-21,Main CSR,CSR,6,CSIT office,1,SR-6-MAIN-CSR,use_existing_or_get_or_create,11,45/54,2025-08-26,11,DSR,2,Central Store,,SR-2-11,use_existing_or_get_or_create,Imported from ALL-DATA.md source line 8252,"95,332",item_not_in_catalog; source_contract_no_not_unique
LEGACY-IC-0011,LEGACY-IC-0011-ITEM-03,8252,LEGACY-IC-20250821-011,Nil,2025-08-21,2025-08-21,M/s. RAJPUT ENGINEERING COMPANY,,NIL,NIL,CCS,5,Department of Computer Science & Information Technology,CSIT,alias_exact,6,CSIT office,use Location id=5 (Department of Computer Science & Information Technology),IMDADULLAH,PA,2025-08-18,FULL,2025-08-18,COMPLETED,03,POWER CABLE FOR PROJECTOR 15 METER,,,,,,,,0.36,planned_new_or_manual_review,NEW-ITEM-POWER-CABLE-PROJECTOR-15-METER,create_or_review_new_item,review/create catalog item once for NEW-ITEM-POWER-CABLE-PROJECTOR-15-METER,03,03,0,1950,5850,CATEGORY_NEEDED,25.00_IF_FIXED_ASSET,POLICY-FBR-WDV,,FBR WDV,CREATE_AFTER_ITEM_IS_FIXED_ASSET,,,,,decide_item_category_then_create_item_based_asset_class_if_fixed_asset,2001-07-01,,create_25_percent_rate_version_if_fixed_asset,,,,2025-08-18,"Planned/review item has no catalog category yet. If created as FIXED_ASSET, create item-based depreciation asset class at 25.00 percent and set it on the inspection item before completion.",price_table_7_similarity_0.96,Main CSR,456,2025-08-21,Main CSR,CSR,6,CSIT office,1,SR-6-MAIN-CSR,use_existing_or_get_or_create,11,45/54,2025-08-26,11,DSR,2,Central Store,,SR-2-11,use_existing_or_get_or_create,Imported from ALL-DATA.md source line 8252,"95,332",item_not_in_catalog; source_contract_no_not_unique
LEGACY-IC-0011,LEGACY-IC-0011-ITEM-04,8252,LEGACY-IC-20250821-011,Nil,2025-08-21,2025-08-21,M/s. RAJPUT ENGINEERING COMPANY,,NIL,NIL,CCS,5,Department of Computer Science & Information Technology,CSIT,alias_exact,6,CSIT office,use Location id=5 (Department of Computer Science & Information Technology),IMDADULLAH,PA,2025-08-18,FULL,2025-08-18,COMPLETED,04,HDMI 4K SUPPORT CABLE,,,,,,,,0.51,planned_new_or_manual_review,NEW-ITEM-HDMI-4K-SUPPORT-CABLE,create_or_review_new_item,review/create catalog item once for NEW-ITEM-HDMI-4K-SUPPORT-CABLE,03,03,0,4690,14070,CATEGORY_NEEDED,25.00_IF_FIXED_ASSET,POLICY-FBR-WDV,,FBR WDV,CREATE_AFTER_ITEM_IS_FIXED_ASSET,,,,,decide_item_category_then_create_item_based_asset_class_if_fixed_asset,2001-07-01,,create_25_percent_rate_version_if_fixed_asset,,,,2025-08-18,"Planned/review item has no catalog category yet. If created as FIXED_ASSET, create item-based depreciation asset class at 25.00 percent and set it on the inspection item before completion.",price_table_7_similarity_0.71,Main CSR,456,2025-08-21,Main CSR,CSR,6,CSIT office,1,SR-6-MAIN-CSR,use_existing_or_get_or_create,11,45/54,2025-08-26,11,DSR,2,Central Store,,SR-2-11,use_existing_or_get_or_create,Imported from ALL-DATA.md source line 8252,"95,332",item_not_in_catalog; source_contract_no_not_unique
LEGACY-IC-0011,LEGACY-IC-0011-ITEM-05,8252,LEGACY-IC-20250821-011,Nil,2025-08-21,2025-08-21,M/s. RAJPUT ENGINEERING COMPANY,,NIL,NIL,CCS,5,Department of Computer Science & Information Technology,CSIT,alias_exact,6,CSIT office,use Location id=5 (Department of Computer Science & Information Technology),IMDADULLAH,PA,2025-08-18,FULL,2025-08-18,COMPLETED,05,HDMI CABLE 5 METER,,,,,,,,0.55,planned_new_or_manual_review,NEW-ITEM-HDMI-CABLE-5-METER,create_or_review_new_item,review/create catalog item once for NEW-ITEM-HDMI-CABLE-5-METER,04,04,0,1190,4760,CATEGORY_NEEDED,25.00_IF_FIXED_ASSET,POLICY-FBR-WDV,,FBR WDV,CREATE_AFTER_ITEM_IS_FIXED_ASSET,,,,,decide_item_category_then_create_item_based_asset_class_if_fixed_asset,2001-07-01,,create_25_percent_rate_version_if_fixed_asset,,,,2025-08-18,"Planned/review item has no catalog category yet. If created as FIXED_ASSET, create item-based depreciation asset class at 25.00 percent and set it on the inspection item before completion.",price_table_7_similarity_1.12,Main CSR,456,2025-08-21,Main CSR,CSR,6,CSIT office,1,SR-6-MAIN-CSR,use_existing_or_get_or_create,11,45/54,2025-08-26,11,DSR,2,Central Store,,SR-2-11,use_existing_or_get_or_create,Imported from ALL-DATA.md source line 8252,"95,332",item_not_in_catalog; source_contract_no_not_unique
LEGACY-IC-0011,LEGACY-IC-0011-ITEM-06,8252,LEGACY-IC-20250821-011,Nil,2025-08-21,2025-08-21,M/s. RAJPUT ENGINEERING COMPANY,,NIL,NIL,CCS,5,Department of Computer Science & Information Technology,CSIT,alias_exact,6,CSIT office,use Location id=5 (Department of Computer Science & Information Technology),IMDADULLAH,PA,2025-08-18,FULL,2025-08-18,COMPLETED,06,12V - 5V ADAPTER FOR RECEIVER SOUND,,,,,,,,0.34,planned_new_or_manual_review,NEW-ITEM-12V-5V-ADAPTER-RECEIVER-SOUND,create_or_review_new_item,review/create catalog item once for NEW-ITEM-12V-5V-ADAPTER-RECEIVER-SOUND,04,04,0,890,3560,CATEGORY_NEEDED,25.00_IF_FIXED_ASSET,POLICY-FBR-WDV,,FBR WDV,CREATE_AFTER_ITEM_IS_FIXED_ASSET,,,,,decide_item_category_then_create_item_based_asset_class_if_fixed_asset,2001-07-01,,create_25_percent_rate_version_if_fixed_asset,,,,2025-08-18,"Planned/review item has no catalog category yet. If created as FIXED_ASSET, create item-based depreciation asset class at 25.00 percent and set it on the inspection item before completion.",price_table_7_similarity_0.96,Main CSR,456,2025-08-21,Main CSR,CSR,6,CSIT office,1,SR-6-MAIN-CSR,use_existing_or_get_or_create,11,45/54,2025-08-26,11,DSR,2,Central Store,,SR-2-11,use_existing_or_get_or_create,Imported from ALL-DATA.md source line 8252,"95,332",item_not_in_catalog; source_contract_no_not_unique
LEGACY-IC-0011,LEGACY-IC-0011-ITEM-07,8252,LEGACY-IC-20250821-011,Nil,2025-08-21,2025-08-21,M/s. RAJPUT ENGINEERING COMPANY,,NIL,NIL,CCS,5,Department of Computer Science & Information Technology,CSIT,alias_exact,6,CSIT office,use Location id=5 (Department of Computer Science & Information Technology),IMDADULLAH,PA,2025-08-18,FULL,2025-08-18,COMPLETED,07,CHANNEL DUCT SIZE,,,,,,,,0.37,planned_new_or_manual_review,NEW-ITEM-CHANNEL-DUCT,create_or_review_new_item,review/create catalog item once for NEW-ITEM-CHANNEL-DUCT,130,130,0,50,6500,CATEGORY_NEEDED,25.00_IF_FIXED_ASSET,POLICY-FBR-WDV,,FBR WDV,CREATE_AFTER_ITEM_IS_FIXED_ASSET,,,,,decide_item_category_then_create_item_based_asset_class_if_fixed_asset,2001-07-01,,create_25_percent_rate_version_if_fixed_asset,,,,2025-08-18,"Planned/review item has no catalog category yet. If created as FIXED_ASSET, create item-based depreciation asset class at 25.00 percent and set it on the inspection item before completion.",price_table_7_similarity_0.97,Main CSR,456,2025-08-21,Main CSR,CSR,6,CSIT office,1,SR-6-MAIN-CSR,use_existing_or_get_or_create,11,45/54,2025-08-26,11,DSR,2,Central Store,,SR-2-11,use_existing_or_get_or_create,Imported from ALL-DATA.md source line 8252,"95,332",item_not_in_catalog; source_contract_no_not_unique
LEGACY-IC-0011,LEGACY-IC-0011-ITEM-08,8252,LEGACY-IC-20250821-011,Nil,2025-08-21,2025-08-21,M/s. RAJPUT ENGINEERING COMPANY,,NIL,NIL,CCS,5,Department of Computer Science & Information Technology,CSIT,alias_exact,6,CSIT office,use Location id=5 (Department of Computer Science & Information Technology),IMDADULLAH,PA,2025-08-18,FULL,2025-08-18,COMPLETED,08,"COMPLETE INSTALLATION AND TRANSPORTATION CHARGERS WITH ALL RESPECT LAYING, PULLING, DRILLING, FITTING, CONNECTING",,,,,,,,0.32,planned_new_or_manual_review,NEW-ITEM-COMPLETE-INSTALLATION-TRANSPORTATION-CHARGES-ALL-RESPECT-LAY,create_or_review_new_item,review/create catalog item once for NEW-ITEM-COMPLETE-INSTALLATION-TRANSPORTATION-CHARGES-ALL-RESPECT-LAY,3,3,0,5000,15000,CATEGORY_NEEDED,25.00_IF_FIXED_ASSET,POLICY-FBR-WDV,,FBR WDV,CREATE_AFTER_ITEM_IS_FIXED_ASSET,,,,,decide_item_category_then_create_item_based_asset_class_if_fixed_asset,2001-07-01,,create_25_percent_rate_version_if_fixed_asset,,,,2025-08-18,"Planned/review item has no catalog category yet. If created as FIXED_ASSET, create item-based depreciation asset class at 25.00 percent and set it on the inspection item before completion.",price_table_7_similarity_1.10,Main CSR,456,2025-08-21,Main CSR,CSR,6,CSIT office,1,SR-6-MAIN-CSR,use_existing_or_get_or_create,11,45/54,2025-08-26,11,DSR,2,Central Store,,SR-2-11,use_existing_or_get_or_create,Imported from ALL-DATA.md source line 8252,"95,332",item_not_in_catalog; source_contract_no_not_unique
LEGACY-IC-0012,LEGACY-IC-0012-ITEM-01,8634,LEGACY-IC-20250821-012,Nil,2025-08-21,2025-08-21,M/s. RAJPUT ENGINEERING COMPANY,,NIL,NIL,CCS,5,Department of Computer Science & Information Technology,CSIT,alias_exact,6,CSIT office,use Location id=5 (Department of Computer Science & Information Technology),IMDADULLAH,PA,2025-08-18,FULL,2025-08-18,COMPLETED,01,"Epson Multimedia Projector Model No. EB-EDI 3 LCD UNIT TECHNOLOGY 3,300 KYNEB\XGA.1024X768,4.3 CONTRAST RATIO 15,000:1",,,,,,,,0.29,planned_new_or_manual_review,NEW-ITEM-EPSON-EB-E01-PROJECTOR,create_or_review_new_item,review/create catalog item once for NEW-ITEM-EPSON-EB-E01-PROJECTOR,03,03,0,139666,418998,CATEGORY_NEEDED,25.00_IF_FIXED_ASSET,POLICY-FBR-WDV,,FBR WDV,CREATE_AFTER_ITEM_IS_FIXED_ASSET,,,,,decide_item_category_then_create_item_based_asset_class_if_fixed_asset,2001-07-01,,create_25_percent_rate_version_if_fixed_asset,,,,2025-08-18,"Planned/review item has no catalog category yet. If created as FIXED_ASSET, create item-based depreciation asset class at 25.00 percent and set it on the inspection item before completion.",price_table_6_similarity_0.81,Main DSR,301,2025-08-22,Main DSR,DSR,6,CSIT office,2,SR-6-MAIN-DSR,use_existing_or_get_or_create,,45/55,2025-08-26,,,,,,,not_available_in_source,Imported from ALL-DATA.md source line 8634,"494,418",item_not_in_catalog; source_contract_no_not_unique
LEGACY-IC-0013,LEGACY-IC-0013-ITEM-01,8891,LEGACY-IC-20250818-013,Nil,2025-08-18,2025-08-18,M/s. ALPHA ENGINEERING,,NIL,NIL,CCS,5,Department of Computer Science & Information Technology,CSIT,alias_exact,6,CSIT office,use Location id=5 (Department of Computer Science & Information Technology),IMDADULLAH,PA,2025-08-12,FULL,2025-08-18,COMPLETED,01,Rostrum for Classroom,,,,,,,,0.31,planned_new_or_manual_review,NEW-ITEM-ROSTRUM-CLASSROOM,create_or_review_new_item,review/create catalog item once for NEW-ITEM-ROSTRUM-CLASSROOM,02,02,0,23750.00,47500.00,CATEGORY_NEEDED,25.00_IF_FIXED_ASSET,POLICY-FBR-WDV,,FBR WDV,CREATE_AFTER_ITEM_IS_FIXED_ASSET,,,,,decide_item_category_then_create_item_based_asset_class_if_fixed_asset,2001-07-01,,create_25_percent_rate_version_if_fixed_asset,,,,2025-08-18,"Planned/review item has no catalog category yet. If created as FIXED_ASSET, create item-based depreciation asset class at 25.00 percent and set it on the inspection item before completion.",price_table_6_similarity_1.12,main CSR,"452, 454",2025-08-18,Main CSR,CSR,6,CSIT office,1,SR-6-MAIN-CSR,use_existing_or_get_or_create,11,45/52,2025-08-21,11,DSR,2,Central Store,,SR-2-11,use_existing_or_get_or_create,Imported from ALL-DATA.md source line 8891,"141,600; 4528; 120,000",item_not_in_catalog; source_contract_no_not_unique
LEGACY-IC-0013,LEGACY-IC-0013-ITEM-02,8891,LEGACY-IC-20250818-013,Nil,2025-08-18,2025-08-18,M/s. ALPHA ENGINEERING,,NIL,NIL,CCS,5,Department of Computer Science & Information Technology,CSIT,alias_exact,6,CSIT office,use Location id=5 (Department of Computer Science & Information Technology),IMDADULLAH,PA,2025-08-12,FULL,2025-08-18,COMPLETED,02,White Board Sheets with Fitting,,,,,,,,0.60,planned_new_or_manual_review,NEW-ITEM-WHITE-BOARD-SHEETS,create_or_review_new_item,review/create catalog item once for NEW-ITEM-WHITE-BOARD-SHEETS,05,05,0,14500.00,72500.00,CATEGORY_NEEDED,25.00_IF_FIXED_ASSET,POLICY-FBR-WDV,,FBR WDV,CREATE_AFTER_ITEM_IS_FIXED_ASSET,,,,,decide_item_category_then_create_item_based_asset_class_if_fixed_asset,2001-07-01,,create_25_percent_rate_version_if_fixed_asset,,,,2025-08-18,"Planned/review item has no catalog category yet. If created as FIXED_ASSET, create item-based depreciation asset class at 25.00 percent and set it on the inspection item before completion.",price_table_6_similarity_1.12,main CSR,"452, 454",2025-08-18,Main CSR,CSR,6,CSIT office,1,SR-6-MAIN-CSR,use_existing_or_get_or_create,11,45/52,2025-08-21,11,DSR,2,Central Store,,SR-2-11,use_existing_or_get_or_create,Imported from ALL-DATA.md source line 8891,"141,600; 4528; 120,000",item_not_in_catalog; source_contract_no_not_unique
LEGACY-IC-0014,LEGACY-IC-0014-ITEM-01,9119,LEGACY-IC-20250818-014,Nil,2025-08-18,2025-08-18,M/s. ALPHA ENGINEERING,,NIL,NIL,CCS,5,Department of Computer Science & Information Technology,CSIT,alias_exact,6,CSIT office,use Location id=5 (Department of Computer Science & Information Technology),IMDADULLAH,PA,2025-08-13,FULL,2025-08-18,COMPLETED,01,Paper Ream Box,,1,ITM-0001,Paper Ream A4 80GSM,Stationery,CONSUMABLE,QUANTITY,1.00,manual_alias,ITM-0001,link_existing_item,link Item id=1 (ITM-0001) during central-register stage,01,01,0,5500.00,27500.00,NO,,,,,,,,,,not_applicable,,,not_applicable,,,,,consumable item; no fixed-asset capitalization.,price_table_5_similarity_1.00;qty_mismatch_invoice_5,Main CSR,388,2025-08-18,Main CSR,CSR,6,CSIT office,1,SR-6-MAIN-CSR,use_existing_or_get_or_create,11,45/53,2025-08-21,11,DSR,2,Central Store,,SR-2-11,use_existing_or_get_or_create,Imported from ALL-DATA.md source line 9119,"120,000; 141,600; 32,450",source_contract_no_not_unique
LEGACY-IC-0015,LEGACY-IC-0015-ITEM-01,9329,LEGACY-IC-20260127-015,Nil,2026-01-27,2026-01-27,M/s. ALPHA ENGINEERING,,NIL,NIL,CCS,5,Department of Computer Science & Information Technology,CSIT,alias_exact,6,CSIT office,use Location id=5 (Department of Computer Science & Information Technology),"PA, CSIT",,2026-01-02,FULL,,COMPLETED,01,Marble Slab Countertop,,,,,,,,0.38,planned_new_or_manual_review,NEW-ITEM-MARBLE-SLAB-COUNTERTOP,create_or_review_new_item,review/create catalog item once for NEW-ITEM-MARBLE-SLAB-COUNTERTOP,02,02,0,38500.00,77000.00,CATEGORY_NEEDED,25.00_IF_FIXED_ASSET,POLICY-FBR-WDV,,FBR WDV,CREATE_AFTER_ITEM_IS_FIXED_ASSET,,,,,decide_item_category_then_create_item_based_asset_class_if_fixed_asset,2001-07-01,,create_25_percent_rate_version_if_fixed_asset,,,,2026-01-27,"Planned/review item has no catalog category yet. If created as FIXED_ASSET, create item-based depreciation asset class at 25.00 percent and set it on the inspection item before completion.",price_table_5_similarity_1.12,,,,,,,,,,not_available_in_source,,,,,,,,,,not_available_in_source,Imported from ALL-DATA.md source line 9329,"27,500; 32,450; 90,860",item_not_in_catalog; missing_central_register_stage_fields; missing_date_of_inspection; missing_department_stock_stage_fields; source_contract_no_not_unique
LEGACY-IC-0016,LEGACY-IC-0016-ITEM-01,9725,LEGACY-IC-20260119-016,Nil,2026-01-19,2026-01-19,M/s. ALPHA ENGINEERING,,NIL,NIL,CCS,5,Department of Computer Science & Information Technology,CSIT,alias_exact,6,CSIT office,use Location id=5 (Department of Computer Science & Information Technology),"PA, CSIT",,2026-01-05,FULL,,COMPLETED,01,White Board Sheets,,,,,,,,0.64,planned_new_or_manual_review,NEW-ITEM-WHITE-BOARD-SHEETS,create_or_review_new_item,review/create catalog item once for NEW-ITEM-WHITE-BOARD-SHEETS,04,04,0,11000.00,44000.00,CATEGORY_NEEDED,25.00_IF_FIXED_ASSET,POLICY-FBR-WDV,,FBR WDV,CREATE_AFTER_ITEM_IS_FIXED_ASSET,,,,,decide_item_category_then_create_item_based_asset_class_if_fixed_asset,2001-07-01,,create_25_percent_rate_version_if_fixed_asset,,,,2026-01-19,"Planned/review item has no catalog category yet. If created as FIXED_ASSET, create item-based depreciation asset class at 25.00 percent and set it on the inspection item before completion.",price_table_8_similarity_1.06,,,,,,,,,,not_available_in_source,,,,,,,,,,not_available_in_source,Imported from ALL-DATA.md source line 9725,"77,000; 90,860; 68,888",item_not_in_catalog; missing_central_register_stage_fields; missing_date_of_inspection; missing_department_stock_stage_fields; source_contract_no_not_unique
LEGACY-IC-0016,LEGACY-IC-0016-ITEM-02,9725,LEGACY-IC-20260119-016,Nil,2026-01-19,2026-01-19,M/s. ALPHA ENGINEERING,,NIL,NIL,CCS,5,Department of Computer Science & Information Technology,CSIT,alias_exact,6,CSIT office,use Location id=5 (Department of Computer Science & Information Technology),"PA, CSIT",,2026-01-05,FULL,,COMPLETED,02,Board Fitting Accessories,,,,,,,,0.35,planned_new_or_manual_review,NEW-ITEM-BOARD-FITTING-ACCESSORIES,create_or_review_new_item,review/create catalog item once for NEW-ITEM-BOARD-FITTING-ACCESSORIES,04,04,0,2400.00,9600.00,CATEGORY_NEEDED,25.00_IF_FIXED_ASSET,POLICY-FBR-WDV,,FBR WDV,CREATE_AFTER_ITEM_IS_FIXED_ASSET,,,,,decide_item_category_then_create_item_based_asset_class_if_fixed_asset,2001-07-01,,create_25_percent_rate_version_if_fixed_asset,,,,2026-01-19,"Planned/review item has no catalog category yet. If created as FIXED_ASSET, create item-based depreciation asset class at 25.00 percent and set it on the inspection item before completion.",price_table_8_similarity_1.12,,,,,,,,,,not_available_in_source,,,,,,,,,,not_available_in_source,Imported from ALL-DATA.md source line 9725,"77,000; 90,860; 68,888",item_not_in_catalog; missing_central_register_stage_fields; missing_date_of_inspection; missing_department_stock_stage_fields; source_contract_no_not_unique
LEGACY-IC-0016,LEGACY-IC-0016-ITEM-03,9725,LEGACY-IC-20260119-016,Nil,2026-01-19,2026-01-19,M/s. ALPHA ENGINEERING,,NIL,NIL,CCS,5,Department of Computer Science & Information Technology,CSIT,alias_exact,6,CSIT office,use Location id=5 (Department of Computer Science & Information Technology),"PA, CSIT",,2026-01-05,FULL,,COMPLETED,03,Door Lock,,,,,,,,0.27,planned_new_or_manual_review,NEW-ITEM-DOOR-LOCK,create_or_review_new_item,review/create catalog item once for NEW-ITEM-DOOR-LOCK,02,02,0,2390.00,4780.00,CATEGORY_NEEDED,25.00_IF_FIXED_ASSET,POLICY-FBR-WDV,,FBR WDV,CREATE_AFTER_ITEM_IS_FIXED_ASSET,,,,,decide_item_category_then_create_item_based_asset_class_if_fixed_asset,2001-07-01,,create_25_percent_rate_version_if_fixed_asset,,,,2026-01-19,"Planned/review item has no catalog category yet. If created as FIXED_ASSET, create item-based depreciation asset class at 25.00 percent and set it on the inspection item before completion.",price_table_8_similarity_1.12,,,,,,,,,,not_available_in_source,,,,,,,,,,not_available_in_source,Imported from ALL-DATA.md source line 9725,"77,000; 90,860; 68,888",item_not_in_catalog; missing_central_register_stage_fields; missing_date_of_inspection; missing_department_stock_stage_fields; source_contract_no_not_unique
LEGACY-IC-0017,LEGACY-IC-0017-ITEM-01,10148,LEGACY-IC-20260109-017,Nil,2026-01-09,2026-01-09,M/s. ALPHA ENGINEERING,,NIL,NIL,CCS,5,Department of Computer Science & Information Technology,CSIT,alias_exact,6,CSIT office,use Location id=5 (Department of Computer Science & Information Technology),"PA, CSIT",,2026-01-09,FULL,,COMPLETED,01,Visitor Chairs (Mesh Fabric upholstery seat and back fixed arms,,,,,,,,0.32,planned_new_or_manual_review,NEW-ITEM-VISITOR-CHAIRS-MESH-FABRIC-UPHOLSTERY-SEAT-BACK-FIXED,create_or_review_new_item,review/create catalog item once for NEW-ITEM-VISITOR-CHAIRS-MESH-FABRIC-UPHOLSTERY-SEAT-BACK-FIXED,04,04,0,17900.00,71600.00,CATEGORY_NEEDED,25.00_IF_FIXED_ASSET,POLICY-FBR-WDV,,FBR WDV,CREATE_AFTER_ITEM_IS_FIXED_ASSET,,,,,decide_item_category_then_create_item_based_asset_class_if_fixed_asset,2001-07-01,,create_25_percent_rate_version_if_fixed_asset,,,,2026-01-09,"Planned/review item has no catalog category yet. If created as FIXED_ASSET, create item-based depreciation asset class at 25.00 percent and set it on the inspection item before completion.",price_table_8_similarity_0.90,,,,,,,,,,not_available_in_source,,,,,,,,,,not_available_in_source,Imported from ALL-DATA.md source line 10148,"58,380; 68,888; 84,488",item_not_in_catalog; missing_central_register_stage_fields; missing_date_of_inspection; missing_department_stock_stage_fields; source_contract_no_not_unique
LEGACY-IC-0018,LEGACY-IC-0018-ITEM-01,11784,LEGACY-IC-20251119-018,Nil,2025-11-19,2025-11-19,M/s. INTERWOOD MOBEL (PVT) LIMITED,,NIL,NIL,CCS,5,Department of Computer Science & Information Technology,CSIT,alias_exact,6,CSIT office,use Location id=5 (Department of Computer Science & Information Technology),IMDADULLAH,PA,2025-10-30,FULL,2025-11-17,COMPLETED,01,Dawn Visitor Chair,,,,,,,,0.37,planned_new_or_manual_review,NEW-ITEM-DAWN-VISITOR-CHAIR,create_or_review_new_item,review/create catalog item once for NEW-ITEM-DAWN-VISITOR-CHAIR,06,06,0,15750.0,94500.02,CATEGORY_NEEDED,25.00_IF_FIXED_ASSET,POLICY-FBR-WDV,,FBR WDV,CREATE_AFTER_ITEM_IS_FIXED_ASSET,,,,,decide_item_category_then_create_item_based_asset_class_if_fixed_asset,2001-07-01,,create_25_percent_rate_version_if_fixed_asset,,,,2025-11-17,"Planned/review item has no catalog category yet. If created as FIXED_ASSET, create item-based depreciation asset class at 25.00 percent and set it on the inspection item before completion.",price_table_7_similarity_1.12,Main FFR,37,2025-11-17,Main FFR,DSR,6,CSIT office,,SR-6-MAIN-FFR,use_existing_or_get_or_create,,,,,,,,,,not_available_in_source,Imported from ALL-DATA.md source line 11784,"79,925; 69,500; 94,500",item_not_in_catalog; missing_central_register_stage_fields; source_contract_no_not_unique
LEGACY-IC-0019,LEGACY-IC-0019-ITEM-01,12048,LEGACY-IC-20251119-019,Nil,2025-11-19,2025-11-19,M/s. METRO PAKISTAN (PVT) LIMITED,,NIL,NIL,CCS,5,Department of Computer Science & Information Technology,CSIT,alias_exact,6,CSIT office,use Location id=5 (Department of Computer Science & Information Technology),"PA, CSIT",,2025-11-18,FULL,,COMPLETED,J1,Paper Ream A4 size,,1,ITM-0001,Paper Ream A4 80GSM,Stationery,CONSUMABLE,QUANTITY,1.00,manual_alias,ITM-0001,link_existing_item,link Item id=1 (ITM-0001) during central-register stage,05,05,0,963.75,,NO,,,,,,,,,,not_applicable,,,not_applicable,,,,,consumable item; no fixed-asset capitalization.,price_table_5_similarity_0.59,,,,,,,,,,not_available_in_source,,,,,,,,,,not_available_in_source,Imported from ALL-DATA.md source line 12048,"5,687",missing_central_register_stage_fields; missing_date_of_inspection; missing_department_stock_stage_fields; source_contract_no_not_unique
LEGACY-IC-0020,LEGACY-IC-0020-ITEM-01,12266,LEGACY-IC-20240529-020,Projector/09/1478/1861,2024-05-29,2024-05-29,M/s. NEDO Corporation,,"Professor, Department of Software Engineering","18417/170424/SE, 17-04-24",SE,30,Department of Software Engineering,DEPT-0030,alias_exact,31,Software Engineering  Office,use Location id=30 (Department of Software Engineering),"DEO, Department of Software Engineering",,2024-05-31,FULL,2024-05-31,COMPLETED,01,EPSON LCD PROJECTOR EB-E01: Sr. No. (1) X88V4100191 (2) X88V4101534,,,,,,,,0.35,planned_new_or_manual_review,NEW-ITEM-EPSON-EB-E01-PROJECTOR,create_or_review_new_item,review/create catalog item once for NEW-ITEM-EPSON-EB-E01-PROJECTOR,01,01,0,,,CATEGORY_NEEDED,25.00_IF_FIXED_ASSET,POLICY-FBR-WDV,,FBR WDV,CREATE_AFTER_ITEM_IS_FIXED_ASSET,,,,,decide_item_category_then_create_item_based_asset_class_if_fixed_asset,2001-07-01,,create_25_percent_rate_version_if_fixed_asset,,,,2024-05-31,"Planned/review item has no catalog category yet. If created as FIXED_ASSET, create item-based depreciation asset class at 25.00 percent and set it on the inspection item before completion.",best_price_table_8_score_0.49,DSR (CSE),14,2024-05-31,DSR (CSE),DSR,31,Software Engineering  Office,,SR-31-DSR-SOFTWARE-ENGINEERING,use_existing_or_get_or_create,,,,,,,,,,not_available_in_source,Imported from ALL-DATA.md source line 12266,,item_not_in_catalog; missing_central_register_stage_fields; unit_price_needs_invoice_review
LEGACY-IC-0021,LEGACY-IC-0021-ITEM-01,13195,LEGACY-IC-20251030-021,Nil,2025-10-30,2025-10-30,M/s. RAJPUT ENGINEERING COMPANY,,NIL,NIL,CCS,5,Department of Computer Science & Information Technology,CSIT,alias_exact,6,CSIT office,use Location id=5 (Department of Computer Science & Information Technology),IMDAD ULLAH,PA,2025-10-30,FULL,2025-10-30,COMPLETED,01,DT Brand Headset Microphone Model No.DM-793,,,,,,,,0.44,planned_new_or_manual_review,NEW-ITEM-DT-HEADSET-MICROPHONE-DM-793,create_or_review_new_item,review/create catalog item once for NEW-ITEM-DT-HEADSET-MICROPHONE-DM-793,08,08,0,5500,44000,CATEGORY_NEEDED,25.00_IF_FIXED_ASSET,POLICY-FBR-WDV,,FBR WDV,CREATE_AFTER_ITEM_IS_FIXED_ASSET,,,,,decide_item_category_then_create_item_based_asset_class_if_fixed_asset,2001-07-01,,create_25_percent_rate_version_if_fixed_asset,,,,2025-10-30,"Planned/review item has no catalog category yet. If created as FIXED_ASSET, create item-based depreciation asset class at 25.00 percent and set it on the inspection item before completion.",price_table_6_similarity_0.86,Main CSR,106,2025-11-04,Main CSR,CSR,6,CSIT office,1,SR-6-MAIN-CSR,use_existing_or_get_or_create,,,,,,,,,,not_available_in_source,Imported from ALL-DATA.md source line 13195,,item_not_in_catalog; missing_central_register_stage_fields; source_contract_no_not_unique
LEGACY-IC-0022,LEGACY-IC-0022-ITEM-01,14371,LEGACY-IC-20251013-022,Nil,2025-10-13,2025-10-13,M/s. H.U. Engineering Services,,NIL,NIL,CCS,5,Department of Computer Science & Information Technology,CSIT,alias_exact,6,CSIT office,use Location id=5 (Department of Computer Science & Information Technology),IMBADULLAH,PA,2025-08-13,FULL,,COMPLETED,01,White Board Lamination Sheet,,,,,,,,0.48,planned_new_or_manual_review,NEW-ITEM-WHITE-BOARD-LAMINATION-SHEET,create_or_review_new_item,review/create catalog item once for NEW-ITEM-WHITE-BOARD-LAMINATION-SHEET,01,01,0,38186,38186,CATEGORY_NEEDED,25.00_IF_FIXED_ASSET,POLICY-FBR-WDV,,FBR WDV,CREATE_AFTER_ITEM_IS_FIXED_ASSET,,,,,decide_item_category_then_create_item_based_asset_class_if_fixed_asset,2001-07-01,,create_25_percent_rate_version_if_fixed_asset,,,,2025-10-13,"Planned/review item has no catalog category yet. If created as FIXED_ASSET, create item-based depreciation asset class at 25.00 percent and set it on the inspection item before completion.",price_table_6_similarity_1.02,CSR,454,2025-10-13,Main CSR,CSR,6,CSIT office,1,SR-6-MAIN-CSR,use_existing_or_get_or_create,,,,,,,,,,not_available_in_source,Imported from ALL-DATA.md source line 14371,"94; 65,815",item_not_in_catalog; missing_central_register_stage_fields; missing_date_of_inspection; source_contract_no_not_unique
LEGACY-IC-0022,LEGACY-IC-0022-ITEM-02,14371,LEGACY-IC-20251013-022,Nil,2025-10-13,2025-10-13,M/s. H.U. Engineering Services,,NIL,NIL,CCS,5,Department of Computer Science & Information Technology,CSIT,alias_exact,6,CSIT office,use Location id=5 (Department of Computer Science & Information Technology),IMBADULLAH,PA,2025-08-13,FULL,,COMPLETED,02,Soft Board Notice Board with Fabric Cushion,,,,,,,,0.38,planned_new_or_manual_review,NEW-ITEM-SOFT-BOARD-NOTICE-BOARD-FABRIC-CUSHION,create_or_review_new_item,review/create catalog item once for NEW-ITEM-SOFT-BOARD-NOTICE-BOARD-FABRIC-CUSHION,01,01,0,10886,10886,CATEGORY_NEEDED,25.00_IF_FIXED_ASSET,POLICY-FBR-WDV,,FBR WDV,CREATE_AFTER_ITEM_IS_FIXED_ASSET,,,,,decide_item_category_then_create_item_based_asset_class_if_fixed_asset,2001-07-01,,create_25_percent_rate_version_if_fixed_asset,,,,2025-10-13,"Planned/review item has no catalog category yet. If created as FIXED_ASSET, create item-based depreciation asset class at 25.00 percent and set it on the inspection item before completion.",price_table_6_similarity_0.95,CSR,454,2025-10-13,Main CSR,CSR,6,CSIT office,1,SR-6-MAIN-CSR,use_existing_or_get_or_create,,,,,,,,,,not_available_in_source,Imported from ALL-DATA.md source line 14371,"94; 65,815",item_not_in_catalog; missing_central_register_stage_fields; missing_date_of_inspection; source_contract_no_not_unique
LEGACY-IC-0022,LEGACY-IC-0022-ITEM-03,14371,LEGACY-IC-20251013-022,Nil,2025-10-13,2025-10-13,M/s. H.U. Engineering Services,,NIL,NIL,CCS,5,Department of Computer Science & Information Technology,CSIT,alias_exact,6,CSIT office,use Location id=5 (Department of Computer Science & Information Technology),IMBADULLAH,PA,2025-08-13,FULL,,COMPLETED,03,Window Shutter,,,,,,,,0.40,planned_new_or_manual_review,NEW-ITEM-WINDOW-SHUTTER,create_or_review_new_item,review/create catalog item once for NEW-ITEM-WINDOW-SHUTTER,03,03,0,5581,16743,CATEGORY_NEEDED,25.00_IF_FIXED_ASSET,POLICY-FBR-WDV,,FBR WDV,CREATE_AFTER_ITEM_IS_FIXED_ASSET,,,,,decide_item_category_then_create_item_based_asset_class_if_fixed_asset,2001-07-01,,create_25_percent_rate_version_if_fixed_asset,,,,2025-10-13,"Planned/review item has no catalog category yet. If created as FIXED_ASSET, create item-based depreciation asset class at 25.00 percent and set it on the inspection item before completion.",price_table_6_similarity_0.66,CSR,454,2025-10-13,Main CSR,CSR,6,CSIT office,1,SR-6-MAIN-CSR,use_existing_or_get_or_create,,,,,,,,,,not_available_in_source,Imported from ALL-DATA.md source line 14371,"94; 65,815",item_not_in_catalog; missing_central_register_stage_fields; missing_date_of_inspection; source_contract_no_not_unique
LEGACY-IC-0023,LEGACY-IC-0023-ITEM-01,15020,LEGACY-IC-20250919-023,Nil,2025-09-19,2025-09-19,M/s. IAFE SOLUTIONS,,NIL,NIL,CCS,5,Department of Computer Science & Information Technology,CSIT,alias_exact,6,CSIT office,use Location id=5 (Department of Computer Science & Information Technology),IMOADULLAH,PA,2025-09-18,FULL,2025-09-19,COMPLETED,01,PVC Cable 4 Core (16 Sq.MM),,,,,,,,0.35,planned_new_or_manual_review,NEW-ITEM-PVC-CABLE-4-CORE-16-SQ-MM,create_or_review_new_item,review/create catalog item once for NEW-ITEM-PVC-CABLE-4-CORE-16-SQ-MM,28,28,0,3130,87640,CATEGORY_NEEDED,25.00_IF_FIXED_ASSET,POLICY-FBR-WDV,,FBR WDV,CREATE_AFTER_ITEM_IS_FIXED_ASSET,,,,,decide_item_category_then_create_item_based_asset_class_if_fixed_asset,2001-07-01,,create_25_percent_rate_version_if_fixed_asset,,,,2025-09-19,"Planned/review item has no catalog category yet. If created as FIXED_ASSET, create item-based depreciation asset class at 25.00 percent and set it on the inspection item before completion.",price_table_3_similarity_0.95,Main CSR,163,2025-09-24,Main CSR,CSR,6,CSIT office,1,SR-6-MAIN-CSR,use_existing_or_get_or_create,11,45/56,2025-09-24,11,DSR,2,Central Store,,SR-2-11,use_existing_or_get_or_create,Imported from ALL-DATA.md source line 15020,"120,000; 5,000; 10,000",item_not_in_catalog; source_contract_no_not_unique
LEGACY-IC-0024,LEGACY-IC-0024-ITEM-01,15893,LEGACY-IC-20241119-024,On A/C of CS&IT BUDGET (Lab Running Expenses Under Graduate),2024-11-19,2024-11-19,M/s H.U. Engineering Services,,"Chairman, CS&IT",,CS&IT,5,Department of Computer Science & Information Technology,CSIT,alias_exact,6,CSIT office,use Location id=5 (Department of Computer Science & Information Technology),Dr. Muhammad Kamran,Assistant Professor,2024-11-11,FULL,2024-11-19,COMPLETED,1,Executive Chair Revolving Genesis high Back Black color Master make or Equivalent,,,,,,,,0.26,planned_new_or_manual_review,NEW-ITEM-EXECUTIVE-CHAIR-REVOLVING-GENESIS-HIGH-BACK-BLACK-COLOR,create_or_review_new_item,review/create catalog item once for NEW-ITEM-EXECUTIVE-CHAIR-REVOLVING-GENESIS-HIGH-BACK-BLACK-COLOR,1,1,0,42186.0,42186,CATEGORY_NEEDED,25.00_IF_FIXED_ASSET,POLICY-FBR-WDV,,FBR WDV,CREATE_AFTER_ITEM_IS_FIXED_ASSET,,,,,decide_item_category_then_create_item_based_asset_class_if_fixed_asset,2001-07-01,,create_25_percent_rate_version_if_fixed_asset,,,,2024-11-19,"Planned/review item has no catalog category yet. If created as FIXED_ASSET, create item-based depreciation asset class at 25.00 percent and set it on the inspection item before completion.",price_table_8_similarity_1.12,Main FFFR,59,2024-11-21,Main FFFR,DSR,6,CSIT office,,SR-6-MAIN-FFFR,use_existing_or_get_or_create,11,48/25,2024-11-21,11,DSR,2,Central Store,,SR-2-11,use_existing_or_get_or_create,Imported from ALL-DATA.md source line 15893,,item_not_in_catalog
LEGACY-IC-0025,LEGACY-IC-0025-ITEM-01,16447,LEGACY-IC-20241031-025,On A/C of Printing Expenses,2024-10-31,2024-10-31,M/s Metro Pakistan (Pvt) Ltd,,"Chairman, CS&IT",,CS&IT,5,Department of Computer Science & Information Technology,CSIT,alias_exact,6,CSIT office,use Location id=5 (Department of Computer Science & Information Technology),IMDADULLAH,PA to Chairman,2024-10-25,FULL,2024-10-31,COMPLETED,1,"Paper BLC A4 70GMS, or Equivalent",,1,ITM-0001,Paper Ream A4 80GSM,Stationery,CONSUMABLE,QUANTITY,1.00,manual_alias_paper_a4_variant,ITM-0001,link_existing_item,link Item id=1 (ITM-0001) during central-register stage,5,5,0,965.25,,NO,,,,,,,,,,not_applicable,,,not_applicable,,,,,consumable item; no fixed-asset capitalization.,price_table_7_similarity_0.91,Main CSR,385,2024-10-31,Main CSR,CSR,6,CSIT office,1,SR-6-MAIN-CSR,use_existing_or_get_or_create,,42/23,2024-11-20,,,,,,,not_available_in_source,Imported from ALL-DATA.md source line 16447,35751; 6435; 42186,
LEGACY-IC-0026,LEGACY-IC-0026-ITEM-01,17137,LEGACY-IC-20240104-026,Under SRSP Project # 166,2024-01-04,2024-01-04,M/s AL MAJID INTERNATIONAL,,Chairman CS & IT Department,,CS & IT Department,5,Department of Computer Science & Information Technology,CSIT,alias_exact,6,CSIT office,use Location id=5 (Department of Computer Science & Information Technology),Dr. Muhammad Kamran,,2024-01-04,FULL,,COMPLETED,1,"PBS Polarizing Beam Splitter Transparent Lens 630nm-660nm Polarizing Beam Splitter Cubes Lens 10X10X10mm, Reflection Angle : 45 Broadband transparent 630nm-660nm Principal Transmittance: Tp > 95% and Ts 99% and Rp <5%",,,,,,,,0.24,planned_new_or_manual_review,NEW-ITEM-PBS-POLARIZING-BEAM-SPLITTER-TRANSPARENT-LENS-630NM-660NM,create_or_review_new_item,review/create catalog item once for NEW-ITEM-PBS-POLARIZING-BEAM-SPLITTER-TRANSPARENT-LENS-630NM-660NM,02,02,0,6488.00,12976.00,CATEGORY_NEEDED,25.00_IF_FIXED_ASSET,POLICY-FBR-WDV,,FBR WDV,CREATE_AFTER_ITEM_IS_FIXED_ASSET,,,,,decide_item_category_then_create_item_based_asset_class_if_fixed_asset,2001-07-01,,create_25_percent_rate_version_if_fixed_asset,,,,2024-01-04,"Planned/review item has no catalog category yet. If created as FIXED_ASSET, create item-based depreciation asset class at 25.00 percent and set it on the inspection item before completion.",nearest_total_amount_divided_by_accepted_qty,,,,,,,,,,not_available_in_source,,,,,,,,,,not_available_in_source,Imported from ALL-DATA.md source line 17137,"12976; 12,976",item_not_in_catalog; missing_central_register_stage_fields; missing_date_of_inspection; missing_department_stock_stage_fields
LEGACY-IC-0027,LEGACY-IC-0027-ITEM-01,17774,LEGACY-IC-20241108-027,,2024-11-08,2024-11-08,M/s Khwaja Printers & Publishers,,"Chairman, CS&IT",,CS&IT,5,Department of Computer Science & Information Technology,CSIT,alias_exact,6,CSIT office,use Location id=5 (Department of Computer Science & Information Technology),Dr. Muhammad Kamran,,2024-11-08,FULL,,COMPLETED,1,Invitation Cards with Envelopes or Equivalent,,,,,,,,0.40,planned_new_or_manual_review,NEW-ITEM-INVITATION-CARDS-ENVELOPES,create_or_review_new_item,review/create catalog item once for NEW-ITEM-INVITATION-CARDS-ENVELOPES,200,200,0,40,9440,CATEGORY_NEEDED,25.00_IF_FIXED_ASSET,POLICY-FBR-WDV,,FBR WDV,CREATE_AFTER_ITEM_IS_FIXED_ASSET,,,,,decide_item_category_then_create_item_based_asset_class_if_fixed_asset,2001-07-01,,create_25_percent_rate_version_if_fixed_asset,,,,2024-11-08,"Planned/review item has no catalog category yet. If created as FIXED_ASSET, create item-based depreciation asset class at 25.00 percent and set it on the inspection item before completion.",price_table_11_similarity_1.07,,,,,,,,,,not_available_in_source,,,,,,,,,,not_available_in_source,Imported from ALL-DATA.md source line 17774,"29,000; 195,526; 3",item_not_in_catalog; missing_central_register_stage_fields; missing_date_of_inspection; missing_department_stock_stage_fields; source_contract_no_not_unique
LEGACY-IC-0027,LEGACY-IC-0027-ITEM-02,17774,LEGACY-IC-20241108-027,,2024-11-08,2024-11-08,M/s Khwaja Printers & Publishers,,"Chairman, CS&IT",,CS&IT,5,Department of Computer Science & Information Technology,CSIT,alias_exact,6,CSIT office,use Location id=5 (Department of Computer Science & Information Technology),Dr. Muhammad Kamran,,2024-11-08,FULL,,COMPLETED,2,Cards for Identification with Ribbon & Packet. ~~or Equivalent.~~,,,,,,,,0.34,planned_new_or_manual_review,NEW-ITEM-CARDS-IDENTIFICATION-RIBBON-PACKET,create_or_review_new_item,review/create catalog item once for NEW-ITEM-CARDS-IDENTIFICATION-RIBBON-PACKET,325,325,0,60,23010,CATEGORY_NEEDED,25.00_IF_FIXED_ASSET,POLICY-FBR-WDV,,FBR WDV,CREATE_AFTER_ITEM_IS_FIXED_ASSET,,,,,decide_item_category_then_create_item_based_asset_class_if_fixed_asset,2001-07-01,,create_25_percent_rate_version_if_fixed_asset,,,,2024-11-08,"Planned/review item has no catalog category yet. If created as FIXED_ASSET, create item-based depreciation asset class at 25.00 percent and set it on the inspection item before completion.",price_table_11_similarity_1.12,,,,,,,,,,not_available_in_source,,,,,,,,,,not_available_in_source,Imported from ALL-DATA.md source line 17774,"29,000; 195,526; 3",item_not_in_catalog; missing_central_register_stage_fields; missing_date_of_inspection; missing_department_stock_stage_fields; source_contract_no_not_unique
LEGACY-IC-0027,LEGACY-IC-0027-ITEM-03,17774,LEGACY-IC-20241108-027,,2024-11-08,2024-11-08,M/s Khwaja Printers & Publishers,,"Chairman, CS&IT",,CS&IT,5,Department of Computer Science & Information Technology,CSIT,alias_exact,6,CSIT office,use Location id=5 (Department of Computer Science & Information Technology),Dr. Muhammad Kamran,,2024-11-08,FULL,,COMPLETED,3,Abstract Book (26 Pages) or Equivalent,,,,,,,,0.38,planned_new_or_manual_review,NEW-ITEM-ABSTRACT-BOOK-26-PAGES,create_or_review_new_item,review/create catalog item once for NEW-ITEM-ABSTRACT-BOOK-26-PAGES,150,150,0,550,97350,CATEGORY_NEEDED,25.00_IF_FIXED_ASSET,POLICY-FBR-WDV,,FBR WDV,CREATE_AFTER_ITEM_IS_FIXED_ASSET,,,,,decide_item_category_then_create_item_based_asset_class_if_fixed_asset,2001-07-01,,create_25_percent_rate_version_if_fixed_asset,,,,2024-11-08,"Planned/review item has no catalog category yet. If created as FIXED_ASSET, create item-based depreciation asset class at 25.00 percent and set it on the inspection item before completion.",price_table_11_similarity_1.12,,,,,,,,,,not_available_in_source,,,,,,,,,,not_available_in_source,Imported from ALL-DATA.md source line 17774,"29,000; 195,526; 3",item_not_in_catalog; missing_central_register_stage_fields; missing_date_of_inspection; missing_department_stock_stage_fields; source_contract_no_not_unique
LEGACY-IC-0027,LEGACY-IC-0027-ITEM-04,17774,LEGACY-IC-20241108-027,,2024-11-08,2024-11-08,M/s Khwaja Printers & Publishers,,"Chairman, CS&IT",,CS&IT,5,Department of Computer Science & Information Technology,CSIT,alias_exact,6,CSIT office,use Location id=5 (Department of Computer Science & Information Technology),Dr. Muhammad Kamran,,2024-11-08,FULL,,COMPLETED,4,Writing Pads (8 x 5) or Equivalent,,,,,,,,0.36,planned_new_or_manual_review,NEW-ITEM-WRITING-PADS-8-X-5,create_or_review_new_item,review/create catalog item once for NEW-ITEM-WRITING-PADS-8-X-5,180,180,0,175,39029,CATEGORY_NEEDED,25.00_IF_FIXED_ASSET,POLICY-FBR-WDV,,FBR WDV,CREATE_AFTER_ITEM_IS_FIXED_ASSET,,,,,decide_item_category_then_create_item_based_asset_class_if_fixed_asset,2001-07-01,,create_25_percent_rate_version_if_fixed_asset,,,,2024-11-08,"Planned/review item has no catalog category yet. If created as FIXED_ASSET, create item-based depreciation asset class at 25.00 percent and set it on the inspection item before completion.",price_table_11_similarity_0.94;qty_mismatch_invoice_189,,,,,,,,,,not_available_in_source,,,,,,,,,,not_available_in_source,Imported from ALL-DATA.md source line 17774,"29,000; 195,526; 3",item_not_in_catalog; missing_central_register_stage_fields; missing_date_of_inspection; missing_department_stock_stage_fields; source_contract_no_not_unique
LEGACY-IC-0027,LEGACY-IC-0027-ITEM-05,17774,LEGACY-IC-20241108-027,,2024-11-08,2024-11-08,M/s Khwaja Printers & Publishers,,"Chairman, CS&IT",,CS&IT,5,Department of Computer Science & Information Technology,CSIT,alias_exact,6,CSIT office,use Location id=5 (Department of Computer Science & Information Technology),Dr. Muhammad Kamran,,2024-11-08,FULL,,COMPLETED,5,Pen with Branding or Equivalent,,,,,,,,0.41,planned_new_or_manual_review,NEW-ITEM-PEN-BRANDING,create_or_review_new_item,review/create catalog item once for NEW-ITEM-PEN-BRANDING,180,180,0,30,3611,CATEGORY_NEEDED,25.00_IF_FIXED_ASSET,POLICY-FBR-WDV,,FBR WDV,CREATE_AFTER_ITEM_IS_FIXED_ASSET,,,,,decide_item_category_then_create_item_based_asset_class_if_fixed_asset,2001-07-01,,create_25_percent_rate_version_if_fixed_asset,,,,2024-11-08,"Planned/review item has no catalog category yet. If created as FIXED_ASSET, create item-based depreciation asset class at 25.00 percent and set it on the inspection item before completion.",price_table_11_similarity_1.00;qty_mismatch_invoice_102,,,,,,,,,,not_available_in_source,,,,,,,,,,not_available_in_source,Imported from ALL-DATA.md source line 17774,"29,000; 195,526; 3",item_not_in_catalog; missing_central_register_stage_fields; missing_date_of_inspection; missing_department_stock_stage_fields; source_contract_no_not_unique
LEGACY-IC-0027,LEGACY-IC-0027-ITEM-06,17774,LEGACY-IC-20241108-027,,2024-11-08,2024-11-08,M/s Khwaja Printers & Publishers,,"Chairman, CS&IT",,CS&IT,5,Department of Computer Science & Information Technology,CSIT,alias_exact,6,CSIT office,use Location id=5 (Department of Computer Science & Information Technology),Dr. Muhammad Kamran,,2024-11-08,FULL,,COMPLETED,6,Banners (4 x 6),,,,,,,,0.43,planned_new_or_manual_review,NEW-ITEM-BANNERS-4-X-6,create_or_review_new_item,review/create catalog item once for NEW-ITEM-BANNERS-4-X-6,5,5,0,1200,7080,CATEGORY_NEEDED,25.00_IF_FIXED_ASSET,POLICY-FBR-WDV,,FBR WDV,CREATE_AFTER_ITEM_IS_FIXED_ASSET,,,,,decide_item_category_then_create_item_based_asset_class_if_fixed_asset,2001-07-01,,create_25_percent_rate_version_if_fixed_asset,,,,2024-11-08,"Planned/review item has no catalog category yet. If created as FIXED_ASSET, create item-based depreciation asset class at 25.00 percent and set it on the inspection item before completion.",price_table_11_similarity_1.04,,,,,,,,,,not_available_in_source,,,,,,,,,,not_available_in_source,Imported from ALL-DATA.md source line 17774,"29,000; 195,526; 3",item_not_in_catalog; missing_central_register_stage_fields; missing_date_of_inspection; missing_department_stock_stage_fields; source_contract_no_not_unique
LEGACY-IC-0027,LEGACY-IC-0027-ITEM-07,17774,LEGACY-IC-20241108-027,,2024-11-08,2024-11-08,M/s Khwaja Printers & Publishers,,"Chairman, CS&IT",,CS&IT,5,Department of Computer Science & Information Technology,CSIT,alias_exact,6,CSIT office,use Location id=5 (Department of Computer Science & Information Technology),Dr. Muhammad Kamran,,2024-11-08,FULL,,COMPLETED,7,X-Standees or Equivalent,,,,,,,,0.38,planned_new_or_manual_review,NEW-ITEM-X-STANDEES,create_or_review_new_item,review/create catalog item once for NEW-ITEM-X-STANDEES,8,8,0,1600,15104,CATEGORY_NEEDED,25.00_IF_FIXED_ASSET,POLICY-FBR-WDV,,FBR WDV,CREATE_AFTER_ITEM_IS_FIXED_ASSET,,,,,decide_item_category_then_create_item_based_asset_class_if_fixed_asset,2001-07-01,,create_25_percent_rate_version_if_fixed_asset,,,,2024-11-08,"Planned/review item has no catalog category yet. If created as FIXED_ASSET, create item-based depreciation asset class at 25.00 percent and set it on the inspection item before completion.",price_table_11_similarity_1.12,,,,,,,,,,not_available_in_source,,,,,,,,,,not_available_in_source,Imported from ALL-DATA.md source line 17774,"29,000; 195,526; 3",item_not_in_catalog; missing_central_register_stage_fields; missing_date_of_inspection; missing_department_stock_stage_fields; source_contract_no_not_unique
LEGACY-IC-0028,LEGACY-IC-0028-ITEM-01,18165,LEGACY-IC-20231222-028,On A/C of PhD Research Project (Title: Formulating a Feedback-based Perspective Learning Analytics Model to Examine Students' Response),2023-12-22,2023-12-22,M/s Continental Traders,,"Chairman, CS&IT",,CS&IT,5,Department of Computer Science & Information Technology,CSIT,alias_exact,6,CSIT office,use Location id=5 (Department of Computer Science & Information Technology),Ms. Huma Tabassum,Lecturer,2024-07-18,FULL,2024-07-22,COMPLETED,1,"Mouse, VAMPIRE ELITE Wireless Gaming Mouse. Model # M686, Brand # Redragon, Or Equivalent",,,,,,,,0.37,planned_new_or_manual_review,NEW-ITEM-MOUSE-VAMPIRE-ELITE-WIRELESS-GAMING-MOUSE-M686-REDRAGON,create_or_review_new_item,review/create catalog item once for NEW-ITEM-MOUSE-VAMPIRE-ELITE-WIRELESS-GAMING-MOUSE-M686-REDRAGON,1,1,0,12000.00,,CATEGORY_NEEDED,25.00_IF_FIXED_ASSET,POLICY-FBR-WDV,,FBR WDV,CREATE_AFTER_ITEM_IS_FIXED_ASSET,,,,,decide_item_category_then_create_item_based_asset_class_if_fixed_asset,2001-07-01,,create_25_percent_rate_version_if_fixed_asset,,,,2024-07-22,"Planned/review item has no catalog category yet. If created as FIXED_ASSET, create item-based depreciation asset class at 25.00 percent and set it on the inspection item before completion.",price_table_6_similarity_1.03,PhD DSR,"Page NO 49, 64",2024-07-22,PHD DSR,DSR,6,CSIT office,,SR-6-PHD-DSR,use_existing_or_get_or_create,,42/16,2024-07-24,,,,,,,not_available_in_source,Imported from ALL-DATA.md source line 18165,"42,186; 3",item_not_in_catalog
LEGACY-IC-0028,LEGACY-IC-0028-ITEM-02,18165,LEGACY-IC-20231222-028,On A/C of PhD Research Project (Title: Formulating a Feedback-based Perspective Learning Analytics Model to Examine Students' Response),2023-12-22,2023-12-22,M/s Continental Traders,,"Chairman, CS&IT",,CS&IT,5,Department of Computer Science & Information Technology,CSIT,alias_exact,6,CSIT office,use Location id=5 (Department of Computer Science & Information Technology),Ms. Huma Tabassum,Lecturer,2024-07-18,FULL,2024-07-22,COMPLETED,2,"HEADSET, Regdragon Wireless Gaming Headphone. Model # H848, Brand # Redragon, Or Equivalent",,,,,,,,0.36,planned_new_or_manual_review,NEW-ITEM-HEADSET-REDRAGON-WIRELESS-GAMING-HEADPHONE-H848-REDRAGON,create_or_review_new_item,review/create catalog item once for NEW-ITEM-HEADSET-REDRAGON-WIRELESS-GAMING-HEADPHONE-H848-REDRAGON,1,1,0,25000.00,,CATEGORY_NEEDED,25.00_IF_FIXED_ASSET,POLICY-FBR-WDV,,FBR WDV,CREATE_AFTER_ITEM_IS_FIXED_ASSET,,,,,decide_item_category_then_create_item_based_asset_class_if_fixed_asset,2001-07-01,,create_25_percent_rate_version_if_fixed_asset,,,,2024-07-22,"Planned/review item has no catalog category yet. If created as FIXED_ASSET, create item-based depreciation asset class at 25.00 percent and set it on the inspection item before completion.",price_table_6_similarity_1.04,PhD DSR,"Page NO 49, 64",2024-07-22,PHD DSR,DSR,6,CSIT office,,SR-6-PHD-DSR,use_existing_or_get_or_create,,42/16,2024-07-24,,,,,,,not_available_in_source,Imported from ALL-DATA.md source line 18165,"42,186; 3",item_not_in_catalog
LEGACY-IC-0029,LEGACY-IC-0029-ITEM-01,18422,LEGACY-IC-20231222-029,"On A/C of PhD Research Project (Title : Formulating a Feedback-based Perspective Learning Analytics Model to Examine Students"" Response)",2023-12-22,2023-12-22,M/s Continental Traders,,"Chairman, CS&IT",,CS&IT,5,Department of Computer Science & Information Technology,CSIT,alias_exact,6,CSIT office,use Location id=5 (Department of Computer Science & Information Technology),Ms. Huma Tabassum,,2024-07-11,FULL,,COMPLETED,1,"UPS, Input # 220Vac@50Hz, Output # 220Vac@50Hz, Capacity # 2000VA/1200W, Model # IDEAL-5320BLU, Brand # IDEAL, Or Equivalent",,15,ITM-0015,UPS IDEAL-5320BLU 2000VA / 1200W,IT Equipment,FIXED_ASSET,INDIVIDUAL,1.00,manual_alias,ITM-0015,link_existing_item,link Item id=15 (ITM-0015) during central-register stage,1,1,0,83500.00,,YES,25.00,POLICY-FBR-WDV,,FBR WDV,DEP-ITEM-ITM-0015,DEP-ITM-0015,,UPS IDEAL-5320BLU 2000VA / 1200W,7,create_item_based_asset_class,2001-07-01,,create_25_percent_rate_version,backend_default_unit_price_per_instance,83500.00,83500.00,2023-12-22,"Assume no depreciation setup exists. ORM script should create/get policy, create item-based asset class, create 25.00 percent rate version, set InspectionItem.depreciation_asset_class, then complete inspection so signals capitalize into that class.",price_table_9_similarity_1.12,,,,,,,,,,not_available_in_source,,,,,,,,,,not_available_in_source,Imported from ALL-DATA.md source line 18422,3,missing_central_register_stage_fields; missing_date_of_inspection; missing_department_stock_stage_fields
LEGACY-IC-0030,LEGACY-IC-0030-ITEM-01,18909,LEGACY-IC-20250425-030,5,2025-04-25,2025-04-25,M/s. Alpha Engineering,,"Chairman, CSIT",NIL,CSIT,5,Department of Computer Science & Information Technology,CSIT,alias_exact,6,CSIT office,use Location id=5 (Department of Computer Science & Information Technology),Imdadullah,,,FULL,,COMPLETED,01,Shields,,24,ITM-0024,Display Shield,Awards & Display,FIXED_ASSET,QUANTITY,1.00,manual_alias,ITM-0024,link_existing_item,link Item id=24 (ITM-0024) during central-register stage,06,06,0,4200,25200,YES,25.00,POLICY-FBR-WDV,,FBR WDV,DEP-ITEM-ITM-0024,DEP-ITM-0024,,Display Shield,10,create_item_based_asset_class,2001-07-01,,create_25_percent_rate_version,backend_default_unit_price_times_quantity_lot,25200.00,25200.00,2025-04-25,"Assume no depreciation setup exists. ORM script should create/get policy, create item-based asset class, create 25.00 percent rate version, set InspectionItem.depreciation_asset_class, then complete inspection so signals capitalize into that class.",price_table_13_similarity_0.64,,,,,,,,,,not_available_in_source,,,,,,,,,,not_available_in_source,Imported from ALL-DATA.md source line 18909,,missing_central_register_stage_fields; missing_date_of_inspection; missing_department_stock_stage_fields
LEGACY-IC-0030,LEGACY-IC-0030-ITEM-02,18909,LEGACY-IC-20250425-030,5,2025-04-25,2025-04-25,M/s. Alpha Engineering,,"Chairman, CSIT",NIL,CSIT,5,Department of Computer Science & Information Technology,CSIT,alias_exact,6,CSIT office,use Location id=5 (Department of Computer Science & Information Technology),Imdadullah,,,FULL,,COMPLETED,02,Trophies,,25,ITM-0025,Trophy,Awards & Display,FIXED_ASSET,QUANTITY,1.00,manual_alias,ITM-0025,link_existing_item,link Item id=25 (ITM-0025) during central-register stage,03,03,0,,,YES,25.00,POLICY-FBR-WDV,,FBR WDV,DEP-ITEM-ITM-0025,DEP-ITM-0025,,Trophy,10,create_item_based_asset_class,2001-07-01,,create_25_percent_rate_version,backend_default_unit_price_times_quantity_lot,,,2025-04-25,"Assume no depreciation setup exists. ORM script should create/get policy, create item-based asset class, create 25.00 percent rate version, set InspectionItem.depreciation_asset_class, then complete inspection so signals capitalize into that class.",best_price_table_13_score_0.82,,,,,,,,,,not_available_in_source,,,,,,,,,,not_available_in_source,Imported from ALL-DATA.md source line 18909,,missing_central_register_stage_fields; missing_date_of_inspection; missing_department_stock_stage_fields; unit_price_needs_invoice_review
LEGACY-IC-0031,LEGACY-IC-0031-ITEM-01,19332,LEGACY-IC-20241025-031,On A/C of Printing Expenses,2024-10-25,2024-10-25,M/s Metro Pakistan (Pvt) Ltd,,"Chairman, CS&IT",,CS&IT,5,Department of Computer Science & Information Technology,CSIT,alias_exact,6,CSIT office,use Location id=5 (Department of Computer Science & Information Technology),IMDADULLAH,,2024-10-21,FULL,,COMPLETED,1,"Paper AA A4 80GMS, or Equivalent",,1,ITM-0001,Paper Ream A4 80GSM,Stationery,CONSUMABLE,QUANTITY,1.00,manual_alias_paper_a4_variant,ITM-0001,link_existing_item,link Item id=1 (ITM-0001) during central-register stage,5,5,0,,,NO,,,,,,,,,,not_applicable,,,not_applicable,,,,,consumable item; no fixed-asset capitalization.,best_price_table_5_score_0.09,,,,,,,,,,not_available_in_source,,,,,,,,,,not_available_in_source,Imported from ALL-DATA.md source line 19332,,missing_central_register_stage_fields; missing_date_of_inspection; missing_department_stock_stage_fields; unit_price_needs_invoice_review
LEGACY-IC-0031,LEGACY-IC-0031-ITEM-02,19332,LEGACY-IC-20241025-031,On A/C of Printing Expenses,2024-10-25,2024-10-25,M/s Metro Pakistan (Pvt) Ltd,,"Chairman, CS&IT",,CS&IT,5,Department of Computer Science & Information Technology,CSIT,alias_exact,6,CSIT office,use Location id=5 (Department of Computer Science & Information Technology),IMDADULLAH,,2024-10-21,FULL,,COMPLETED,2,"PPC Machine Toner, or Equivalent",,6,ITM-0006,PPC Machine Toner,Printer Consumables,CONSUMABLE,QUANTITY,1.00,manual_alias,ITM-0006,link_existing_item,link Item id=6 (ITM-0006) during central-register stage,1,1,0,,,NO,,,,,,,,,,not_applicable,,,not_applicable,,,,,consumable item; no fixed-asset capitalization.,best_price_table_5_score_0.09,,,,,,,,,,not_available_in_source,,,,,,,,,,not_available_in_source,Imported from ALL-DATA.md source line 19332,,missing_central_register_stage_fields; missing_date_of_inspection; missing_department_stock_stage_fields; unit_price_needs_invoice_review
